draw_date,num1,num2,num3,num4,num5,special
2015-10-04,17,22,26,36,40,
2015-10-05,3,12,23,36,42,
2015-10-06,1,7,17,25,34,
2015-10-07,9,14,23,38,39,
2015-10-08,11,18,19,24,35,
2015-10-09,14,16,21,22,32,
2015-10-10,5,9,14,35,41,
2015-10-11,16,18,29,30,34,
2015-10-12,11,12,13,34,40,
2015-10-13,17,18,23,26,39,
2015-10-14,16,17,25,33,40,
2015-10-15,3,5,27,29,41,
2015-10-16,6,11,18,33,39,
2015-10-17,4,13,14,20,32,
2015-10-18,1,11,19,32,41,
2015-10-19,4,15,19,34,39,
2015-10-20,17,30,34,40,42,
2015-10-21,3,6,18,23,37,
2015-10-22,3,15,21,38,41,
2015-10-23,24,28,30,41,42,
2015-10-24,8,15,21,30,40,
2015-10-25,8,22,31,36,38,
2015-10-26,14,28,33,34,42,
2015-10-27,11,27,31,41,42,
2015-10-28,12,18,29,32,36,
2015-10-29,10,15,17,20,22,
2015-10-30,2,3,8,22,37,
2015-10-31,7,14,30,36,42,
2015-11-01,3,6,8,27,41,
2015-11-02,4,10,23,26,36,
2015-11-03,3,8,11,30,31,
2015-11-04,15,17,21,22,26,
2015-11-05,2,14,21,22,32,
2015-11-06,19,22,34,35,37,
2015-11-07,10,21,23,41,42,
2015-11-08,3,9,20,23,39,
2015-11-09,4,7,27,36,37,
2015-11-10,2,7,17,20,38,
2015-11-11,10,11,17,24,32,
2015-11-12,2,10,11,13,18,
2015-11-13,6,13,17,22,31,
2015-11-14,5,15,18,27,33,
2015-11-15,10,20,23,27,39,
2015-11-16,2,14,22,34,40,
2015-11-17,22,23,25,26,42,
2015-11-18,9,21,23,26,34,
2015-11-19,18,32,36,39,41,
2015-11-20,9,18,29,30,39,
2015-11-21,14,23,30,39,40,
2015-11-22,5,11,18,21,37,
2015-11-23,25,29,35,37,41,
2015-11-24,18,20,37,38,41,
2015-11-25,4,12,24,28,35,
2015-11-26,5,12,22,26,39,
2015-11-27,20,27,32,35,42,
2015-11-28,20,24,25,30,31,
2015-11-29,1,11,16,17,25,
2015-11-30,11,21,27,28,29,
2015-12-01,2,22,25,29,33,
2015-12-02,6,14,20,33,36,
2015-12-03,3,12,16,35,41,
2015-12-04,11,15,37,38,39,
2015-12-05,9,14,22,25,29,
2015-12-06,6,13,22,25,35,
2015-12-07,8,15,22,35,41,
2015-12-08,3,16,20,26,31,
2015-12-09,8,17,18,22,24,
2015-12-10,2,6,11,22,33,
2015-12-11,4,6,22,26,32,
2015-12-12,6,9,18,29,38,
2015-12-13,5,17,23,32,39,
2015-12-14,2,27,30,38,39,
2015-12-15,1,13,14,17,24,
2015-12-16,15,17,25,26,37,
2015-12-17,1,7,20,26,41,
2015-12-18,8,22,28,30,42,
2015-12-19,6,7,15,18,32,
2015-12-20,13,21,24,32,42,
2015-12-21,2,7,10,25,40,
2015-12-22,12,15,19,22,28,
2015-12-23,1,9,19,33,41,
2015-12-24,2,11,27,34,38,
2015-12-25,3,6,19,25,30,
2015-12-26,5,8,25,28,30,
2015-12-27,5,25,28,30,41,
2015-12-28,4,18,30,34,35,
2015-12-29,1,11,12,30,40,
2015-12-30,10,15,32,33,34,
2015-12-31,2,9,18,20,31,
2016-01-01,2,5,19,20,24,
2016-01-02,5,12,19,29,33,
2016-01-03,6,7,15,18,33,
2016-01-04,1,7,19,22,26,
2016-01-05,8,16,34,37,38,
2016-01-06,9,10,24,37,42,
2016-01-07,2,8,10,12,26,
2016-01-08,7,19,28,29,30,
2016-01-09,8,15,23,30,40,
2016-01-10,2,26,29,33,42,
2016-01-11,5,17,19,27,29,
2016-01-12,10,11,15,31,40,
2016-01-13,1,10,18,25,30,
2016-01-14,3,4,25,34,36,
2016-01-15,7,9,14,15,31,
2016-01-16,11,16,30,38,42,
2016-01-17,8,13,15,25,32,
2016-01-18,7,20,25,29,35,
2016-01-19,3,5,29,34,37,
2016-01-20,8,11,15,22,35,
2016-01-21,1,2,20,38,39,
2016-01-22,3,19,20,29,31,
2016-01-23,6,8,18,21,26,
2016-01-24,1,2,16,23,37,
2016-01-25,1,6,7,35,42,
2016-01-26,1,9,28,29,42,
2016-01-27,7,17,36,39,41,
2016-01-28,1,5,7,12,32,
2016-01-29,12,24,26,30,37,
2016-01-30,15,23,24,30,33,
2016-01-31,11,12,16,19,34,
2016-02-01,1,9,14,28,37,
2016-02-02,2,5,9,26,37,
2016-02-03,5,9,10,26,31,
2016-02-04,2,10,20,31,37,
2016-02-05,3,23,27,36,40,
2016-02-06,4,9,18,26,37,
2016-02-07,12,18,28,38,39,
2016-02-08,14,23,24,31,41,
2016-02-09,1,12,15,19,26,
2016-02-10,1,3,5,15,34,
2016-02-11,8,24,39,40,41,
2016-02-12,15,25,26,27,35,
2016-02-13,9,14,25,26,33,
2016-02-14,6,18,21,24,35,
2016-02-15,5,9,20,24,25,
2016-02-16,7,12,14,33,37,
2016-02-17,15,23,35,41,42,
2016-02-18,18,21,30,31,37,
2016-02-19,17,22,25,29,30,
2016-02-20,12,23,27,28,42,
2016-02-21,2,26,32,36,37,
2016-02-22,4,17,23,27,28,
2016-02-23,21,26,27,28,33,
2016-02-24,6,13,17,19,41,
2016-02-25,9,10,13,14,18,
2016-02-26,1,3,17,26,31,
2016-02-27,8,11,32,33,39,
2016-02-28,4,18,21,34,39,
2016-02-29,10,11,13,36,42,
2016-03-01,3,4,20,23,41,
2016-03-02,4,8,24,29,37,
2016-03-03,12,22,23,27,33,
2016-03-04,2,11,14,21,39,
2016-03-05,1,4,20,31,38,
2016-03-06,6,8,25,34,41,
2016-03-07,4,10,20,37,41,
2016-03-08,4,5,6,27,36,
2016-03-09,9,10,11,18,32,
2016-03-10,8,11,21,24,25,
2016-03-11,19,24,28,31,35,
2016-03-12,2,5,10,17,31,
2016-03-13,12,20,30,36,42,
2016-03-14,5,19,27,28,37,
2016-03-15,1,13,19,24,27,
2016-03-16,6,17,28,29,40,
2016-03-17,1,3,10,11,27,
2016-03-18,12,18,20,26,38,
2016-03-19,13,16,24,26,33,
2016-03-20,5,8,10,12,14,
2016-03-21,9,13,18,23,39,
2016-03-22,1,6,12,28,35,
2016-03-23,1,14,22,30,31,
2016-03-24,3,18,20,31,35,
2016-03-25,7,10,17,28,35,
2016-03-26,14,17,32,34,37,
2016-03-27,5,19,25,32,33,
2016-03-28,2,3,20,41,42,
2016-03-29,7,11,14,26,32,
2016-03-30,10,22,25,35,41,
2016-03-31,8,11,26,29,35,
2016-04-01,9,11,18,38,40,
2016-04-02,10,15,17,29,40,
2016-04-03,2,8,25,29,31,
2016-04-04,4,14,18,27,37,
2016-04-05,1,16,20,24,33,
2016-04-06,3,18,19,23,41,
2016-04-07,3,15,17,21,30,
2016-04-08,3,14,23,29,34,
2016-04-09,8,20,21,33,37,
2016-04-10,9,10,20,21,29,
2016-04-11,5,14,31,33,37,
2016-04-12,11,14,23,25,41,
2016-04-13,14,16,35,39,40,
2016-04-14,3,26,36,37,39,
2016-04-15,7,11,14,27,42,
2016-04-16,15,16,21,23,25,
2016-04-17,2,19,28,29,40,
2016-04-18,6,8,16,17,20,
2016-04-19,3,11,26,36,37,
2016-04-20,8,18,24,25,26,
2016-04-21,1,20,29,37,38,
2016-04-22,9,11,34,36,38,
2016-04-23,10,26,30,40,41,
2016-04-24,16,20,22,29,36,
2016-04-25,9,12,15,25,37,
2016-04-26,4,29,37,39,41,
2016-04-27,10,19,22,38,41,
2016-04-28,5,10,29,39,40,
2016-04-29,3,12,17,23,34,
2016-04-30,8,30,31,35,37,
2016-05-01,21,30,31,34,42,
2016-05-02,1,11,12,22,32,
2016-05-03,16,18,32,41,42,
2016-05-04,4,9,10,28,35,
2016-05-05,14,17,27,33,35,
2016-05-06,3,7,12,28,41,
2016-05-07,9,21,24,37,40,
2016-05-08,1,2,15,23,41,
2016-05-09,19,24,25,36,37,
2016-05-10,19,29,31,35,37,
2016-05-11,11,30,31,34,38,
2016-05-12,23,26,29,33,35,
2016-05-13,9,16,19,23,26,
2016-05-14,3,5,21,25,36,
2016-05-15,1,19,22,26,38,
2016-05-16,17,21,30,34,35,
2016-05-17,7,34,37,38,39,
2016-05-18,2,7,12,15,26,
2016-05-19,2,4,13,14,25,
2016-05-20,20,21,22,28,40,
2016-05-21,3,18,22,27,42,
2016-05-22,2,21,27,31,40,
2016-05-23,7,15,17,18,19,
2016-05-24,4,8,16,30,33,
2016-05-25,3,22,23,34,36,
2016-05-26,18,21,24,29,42,
2016-05-27,13,25,33,39,42,
2016-05-28,6,13,14,23,36,
2016-05-29,1,16,17,20,38,
2016-05-30,1,3,7,24,27,
2016-05-31,4,16,27,30,34,
2016-06-01,6,8,13,15,31,
2016-06-02,2,8,18,22,32,
2016-06-03,23,30,35,36,39,
2016-06-04,12,21,22,29,32,
2016-06-05,2,21,30,34,37,
2016-06-06,9,12,28,33,36,
2016-06-07,6,7,33,36,39,
2016-06-08,20,29,31,33,42,
2016-06-09,2,8,15,19,42,
2016-06-10,5,14,16,29,34,
2016-06-11,27,29,34,36,40,
2016-06-12,4,9,21,22,30,
2016-06-13,8,9,27,28,29,
2016-06-14,14,17,25,38,40,
2016-06-15,6,7,15,23,33,
2016-06-16,4,23,27,30,40,
2016-06-17,4,15,26,30,40,
2016-06-18,14,22,26,35,37,
2016-06-19,2,11,15,24,38,
2016-06-20,10,14,21,22,26,
2016-06-21,1,2,22,24,34,
2016-06-22,2,5,8,14,17,
2016-06-23,4,5,6,23,24,
2016-06-24,4,5,10,21,32,
2016-06-25,3,9,14,23,28,
2016-06-26,1,26,29,38,42,
2016-06-27,2,23,27,31,38,
2016-06-28,8,10,12,21,37,
2016-06-29,16,20,30,32,42,
2016-06-30,2,5,6,8,23,
2016-07-01,8,9,18,19,27,
2016-07-02,4,13,14,30,31,
2016-07-03,9,12,21,36,39,
2016-07-04,6,19,28,29,33,
2016-07-05,5,14,17,24,42,
2016-07-06,8,18,24,27,39,
2016-07-07,13,15,23,36,41,
2016-07-08,16,19,21,34,37,
2016-07-09,9,19,21,23,27,
2016-07-10,16,20,29,36,41,
2016-07-11,7,8,9,20,24,
2016-07-12,3,14,26,34,41,
2016-07-13,1,4,11,38,40,
2016-07-14,11,24,33,37,38,
2016-07-15,17,19,20,25,40,
2016-07-16,6,9,20,29,35,
2016-07-17,4,9,10,11,26,
2016-07-18,1,4,10,25,41,
2016-07-19,10,12,25,32,33,
2016-07-20,2,11,13,20,25,
2016-07-21,17,30,31,35,40,
2016-07-22,2,8,14,24,34,
2016-07-23,6,18,25,28,31,
2016-07-24,6,9,27,32,38,
2016-07-25,1,4,20,23,29,
2016-07-26,2,27,31,33,36,
2016-07-27,13,19,24,27,30,
2016-07-28,4,22,29,31,32,
2016-07-29,15,20,30,33,42,
2016-07-30,2,13,35,37,41,
2016-07-31,9,13,14,21,29,
2016-08-01,1,8,20,23,39,
2016-08-02,8,15,21,28,42,
2016-08-03,2,9,10,15,27,
2016-08-04,1,3,7,11,28,
2016-08-05,20,23,24,35,42,
2016-08-06,12,18,26,31,36,
2016-08-07,9,15,17,26,29,
2016-08-08,2,7,9,15,24,
2016-08-09,2,4,18,24,39,
2016-08-10,4,6,7,29,42,
2016-08-11,20,21,24,28,42,
2016-08-12,19,20,28,30,42,
2016-08-13,14,17,30,37,40,
2016-08-14,2,4,21,32,39,
2016-08-15,13,15,34,38,41,
2016-08-16,1,4,19,35,41,
2016-08-17,2,3,5,10,27,
2016-08-18,4,7,8,28,32,
2016-08-19,6,31,33,34,36,
2016-08-20,14,17,27,29,31,
2016-08-21,6,18,21,27,41,
2016-08-22,1,13,14,36,37,
2016-08-23,13,15,21,29,41,
2016-08-24,19,35,36,40,41,
2016-08-25,8,9,16,17,29,
2016-08-26,8,13,16,17,31,
2016-08-27,2,10,13,34,40,
2016-08-28,1,3,4,38,40,
2016-08-29,5,15,20,24,35,
2016-08-30,3,13,14,22,37,
2016-08-31,1,6,24,25,42,
2016-09-01,5,6,18,33,34,
2016-09-02,3,8,12,13,35,
2016-09-03,4,9,15,20,30,
2016-09-04,5,10,25,38,42,
2016-09-05,3,18,22,27,32,
2016-09-06,5,9,28,33,37,
2016-09-07,10,39,40,41,42,
2016-09-08,3,9,24,31,33,
2016-09-09,1,7,15,26,41,
2016-09-10,8,24,30,31,42,
2016-09-11,1,13,16,23,34,
2016-09-12,9,25,28,34,36,
2016-09-13,3,8,29,36,37,
2016-09-14,2,5,27,28,42,
2016-09-15,10,15,34,35,36,
2016-09-16,3,7,12,22,24,
2016-09-17,6,9,18,37,40,
2016-09-18,3,12,25,27,34,
2016-09-19,11,18,21,27,36,
2016-09-20,4,10,11,21,39,
2016-09-21,10,22,25,35,38,
2016-09-22,21,24,25,28,37,
2016-09-23,2,4,5,10,39,
2016-09-24,11,15,31,35,38,
2016-09-25,2,3,27,35,40,
2016-09-26,5,13,15,30,42,
2016-09-27,5,7,13,28,29,
2016-09-28,5,8,29,30,38,
2016-09-29,6,13,19,37,42,
2016-09-30,4,9,17,30,41,
2016-10-01,11,19,31,36,41,
2016-10-02,8,11,17,36,40,
2016-10-03,16,20,31,36,37,
2016-10-04,25,30,34,40,42,
2016-10-05,27,30,33,35,41,
2016-10-06,3,8,12,24,32,
2016-10-07,21,23,30,33,39,
2016-10-08,11,18,19,31,41,
2016-10-09,6,12,15,25,27,
2016-10-10,2,22,27,32,38,
2016-10-11,6,18,23,26,35,
2016-10-12,2,12,25,34,35,
2016-10-13,7,20,21,26,40,
2016-10-14,1,4,20,28,37,
2016-10-15,9,10,13,15,31,
2016-10-16,19,21,27,29,33,
2016-10-17,2,5,8,27,38,
2016-10-18,9,17,19,20,37,
2016-10-19,8,18,21,39,41,
2016-10-20,2,6,10,25,27,
2016-10-21,11,12,13,38,42,
2016-10-22,12,22,25,26,30,
2016-10-23,1,2,12,33,41,
2016-10-24,19,24,27,38,41,
2016-10-25,11,20,24,26,31,
2016-10-26,11,14,23,27,31,
2016-10-27,16,28,31,35,42,
2016-10-28,7,14,16,23,39,
2016-10-29,17,18,20,41,42,
2016-10-30,1,6,9,13,35,
2016-10-31,1,3,13,29,30,
2016-11-01,1,4,5,14,37,
2016-11-02,13,18,21,27,35,
2016-11-03,10,19,21,28,38,
2016-11-04,18,19,23,30,36,
2016-11-05,14,19,27,29,38,
2016-11-06,1,26,27,38,39,
2016-11-07,11,23,25,29,36,
2016-11-08,10,11,21,26,41,
2016-11-09,17,18,26,28,33,
2016-11-10,9,11,17,23,34,
2016-11-11,22,23,26,27,40,
2016-11-12,2,15,30,38,41,
2016-11-13,13,19,20,26,38,
2016-11-14,1,8,15,23,38,
2016-11-15,8,13,16,33,36,
2016-11-16,1,20,30,32,39,
2016-11-17,4,9,23,26,38,
2016-11-18,4,5,19,38,39,
2016-11-19,3,13,14,15,40,
2016-11-20,9,10,22,27,36,
2016-11-21,12,13,19,21,34,
2016-11-22,4,6,19,27,31,
2016-11-23,3,21,23,28,42,
2016-11-24,3,15,31,35,38,
2016-11-25,5,8,12,26,32,
2016-11-26,2,9,12,35,36,
2016-11-27,5,8,13,26,36,
2016-11-28,3,26,29,34,39,
2016-11-29,6,12,15,30,34,
2016-11-30,20,26,29,37,41,
2016-12-01,8,23,27,30,37,
2016-12-02,22,31,37,38,40,
2016-12-03,3,13,19,23,27,
2016-12-04,5,7,15,27,36,
2016-12-05,2,5,15,35,40,
2016-12-06,1,2,13,24,42,
2016-12-07,13,20,21,29,35,
2016-12-08,6,12,25,29,34,
2016-12-09,20,27,32,37,40,
2016-12-10,8,11,27,34,38,
2016-12-11,3,9,20,22,25,
2016-12-12,6,17,22,32,41,
2016-12-13,1,11,17,23,36,
2016-12-14,6,11,14,24,35,
2016-12-15,9,25,35,36,42,
2016-12-16,5,17,20,38,40,
2016-12-17,1,3,8,22,30,
2016-12-18,3,8,19,25,40,
2016-12-19,2,4,12,39,42,
2016-12-20,4,18,24,32,37,
2016-12-21,14,21,24,26,28,
2016-12-22,5,12,23,30,34,
2016-12-23,2,12,17,20,41,
2016-12-24,8,19,26,30,39,
2016-12-25,1,8,12,27,34,
2016-12-26,14,15,18,30,37,
2016-12-27,1,6,16,19,20,
2016-12-28,16,33,37,39,40,
2016-12-29,13,20,21,24,34,
2016-12-30,6,14,16,17,27,
2016-12-31,13,17,26,32,33,
2017-01-01,5,11,19,20,28,
2017-01-02,6,30,32,38,42,
2017-01-03,2,16,20,25,37,
2017-01-04,7,16,19,25,29,
2017-01-05,11,12,16,17,19,
2017-01-06,11,12,17,33,35,
2017-01-07,4,33,40,41,42,
2017-01-08,5,13,14,25,35,
2017-01-09,8,11,15,18,41,
2017-01-10,12,15,18,30,38,
2017-01-11,2,13,21,35,36,
2017-01-12,7,18,20,27,34,
2017-01-13,6,12,29,33,38,
2017-01-14,3,10,21,29,32,
2017-01-15,4,5,8,13,29,
2017-01-16,1,4,11,14,15,
2017-01-17,3,9,10,16,33,
2017-01-18,21,26,29,30,33,
2017-01-19,4,22,25,29,37,
2017-01-20,9,11,20,39,40,
2017-01-21,6,9,22,26,38,
2017-01-22,5,22,25,29,37,
2017-01-23,13,14,19,22,25,
2017-01-24,9,13,15,26,40,
2017-01-25,19,20,26,30,42,
2017-01-26,1,15,30,38,41,
2017-01-27,8,14,34,35,36,
2017-01-28,16,22,26,27,41,
2017-01-29,3,7,22,33,42,
2017-01-30,12,15,22,35,37,
2017-01-31,6,27,30,35,36,
2017-02-01,3,18,21,39,40,
2017-02-02,7,11,12,28,29,
2017-02-03,10,11,17,34,35,
2017-02-04,2,13,26,33,34,
2017-02-05,5,11,16,18,41,
2017-02-06,2,24,28,33,39,
2017-02-07,2,16,25,27,37,
2017-02-08,3,14,21,22,35,
2017-02-09,1,6,15,33,35,
2017-02-10,3,11,25,33,42,
2017-02-11,2,28,30,33,39,
2017-02-12,20,26,27,32,40,
2017-02-13,13,15,29,36,42,
2017-02-14,5,6,7,23,32,
2017-02-15,5,6,19,28,37,
2017-02-16,8,11,12,18,42,
2017-02-17,1,10,18,20,28,
2017-02-18,2,3,9,23,27,
2017-02-19,2,12,19,25,26,
2017-02-20,1,17,20,40,42,
2017-02-21,13,25,33,36,37,
2017-02-22,5,9,16,33,37,
2017-02-23,2,26,30,39,42,
2017-02-24,8,28,33,35,38,
2017-02-25,7,12,15,27,28,
2017-02-26,2,3,6,29,35,
2017-02-27,2,26,35,40,41,
2017-02-28,3,9,12,26,30,
2017-03-01,9,10,12,37,38,
2017-03-02,3,13,16,34,35,
2017-03-03,8,24,26,31,32,
2017-03-04,12,14,20,30,37,
2017-03-05,2,8,16,33,35,
2017-03-06,8,11,16,40,42,
2017-03-07,7,11,19,20,27,
2017-03-08,8,11,13,32,37,
2017-03-09,3,6,9,14,38,
2017-03-10,8,12,15,39,41,
2017-03-11,12,16,24,27,36,
2017-03-12,11,20,25,32,42,
2017-03-13,13,15,25,29,32,
2017-03-14,8,9,17,24,33,
2017-03-15,7,12,13,30,34,
2017-03-16,2,5,8,21,42,
2017-03-17,25,32,36,40,41,
2017-03-18,9,16,19,26,41,
2017-03-19,4,20,35,41,42,
2017-03-20,2,5,24,25,26,
2017-03-21,3,5,25,34,38,
2017-03-22,4,9,23,25,40,
2017-03-23,2,9,10,11,39,
2017-03-24,1,21,27,35,41,
2017-03-25,6,9,22,25,38,
2017-03-26,2,5,9,12,39,
2017-03-27,4,12,19,24,36,
2017-03-28,8,22,25,30,40,
2017-03-29,6,21,26,30,36,
2017-03-30,4,5,6,17,33,
2017-03-31,10,16,21,37,41,
2017-04-01,10,17,21,32,36,
2017-04-02,8,10,11,20,38,
2017-04-03,17,18,31,37,42,
2017-04-04,5,16,21,30,31,
2017-04-05,10,11,16,27,40,
2017-04-06,7,19,27,39,41,
2017-04-07,3,7,12,25,29,
2017-04-08,20,26,29,34,39,
2017-04-09,5,13,25,34,41,
2017-04-10,1,7,22,23,30,
2017-04-11,7,20,21,28,39,
2017-04-12,1,20,21,23,39,
2017-04-13,2,5,22,29,30,
2017-04-14,12,15,28,31,41,
2017-04-15,5,14,23,25,35,
2017-04-16,7,12,26,28,30,
2017-04-17,4,14,36,37,41,
2017-04-18,20,23,27,36,40,
2017-04-19,21,26,33,36,37,
2017-04-20,2,10,14,23,25,
2017-04-21,5,28,30,33,42,
2017-04-22,3,15,19,30,38,
2017-04-23,6,21,22,25,35,
2017-04-24,12,17,18,20,31,
2017-04-25,1,6,28,29,40,
2017-04-26,11,15,30,35,40,
2017-04-27,5,23,29,31,42,
2017-04-28,2,17,22,32,38,
2017-04-29,6,12,23,30,35,
2017-04-30,12,18,19,26,31,
2017-05-01,17,20,23,38,42,
2017-05-02,2,10,29,36,39,
2017-05-03,5,14,28,33,39,
2017-05-04,5,12,20,37,39,
2017-05-05,5,10,20,31,39,
2017-05-06,1,3,29,30,37,
2017-05-07,5,10,11,13,17,
2017-05-08,6,14,23,28,38,
2017-05-09,12,13,20,22,24,
2017-05-10,8,10,14,15,30,
2017-05-11,1,5,16,22,23,
2017-05-12,24,26,27,38,39,
2017-05-13,9,14,28,38,42,
2017-05-14,4,12,16,29,34,
2017-05-15,13,16,20,33,39,
2017-05-16,7,17,18,38,41,
2017-05-17,2,11,20,28,32,
2017-05-18,10,18,22,25,28,
2017-05-19,3,7,15,22,23,
2017-05-20,12,21,27,31,38,
2017-05-21,5,6,7,24,41,
2017-05-22,7,14,25,28,41,
2017-05-23,3,4,9,37,40,
2017-05-24,1,7,8,16,18,
2017-05-25,1,2,11,16,24,
2017-05-26,8,9,20,39,41,
2017-05-27,1,7,11,24,37,
2017-05-28,1,3,20,24,42,
2017-05-29,1,3,19,25,29,
2017-05-30,3,4,21,25,42,
2017-05-31,1,2,12,17,34,
2017-06-01,3,13,20,25,31,
2017-06-02,7,9,26,32,42,
2017-06-03,10,14,16,23,40,
2017-06-04,7,14,21,24,38,
2017-06-05,2,6,24,28,36,
2017-06-06,3,14,17,28,29,
2017-06-07,2,12,19,21,37,
2017-06-08,4,5,8,17,34,
2017-06-09,5,10,31,34,35,
2017-06-10,20,25,28,33,37,
2017-06-11,1,4,21,33,37,
2017-06-12,3,12,15,23,35,
2017-06-13,8,15,19,29,36,
2017-06-14,17,18,29,36,37,
2017-06-15,4,9,32,37,41,
2017-06-16,7,19,20,34,36,
2017-06-17,8,9,25,35,40,
2017-06-18,1,8,15,18,23,
2017-06-19,7,13,25,29,33,
2017-06-20,2,5,14,23,38,
2017-06-21,7,9,13,22,23,
2017-06-22,13,21,33,34,39,
2017-06-23,7,8,26,36,38,
2017-06-24,9,13,20,24,26,
2017-06-25,9,11,16,37,42,
2017-06-26,5,8,14,30,36,
2017-06-27,1,9,28,39,41,
2017-06-28,5,22,23,24,30,
2017-06-29,2,16,18,22,31,
2017-06-30,2,6,18,24,25,
2017-07-01,16,23,26,35,36,
2017-07-02,31,32,33,34,35,
2017-07-03,17,23,27,31,39,
2017-07-04,2,4,16,24,26,
2017-07-05,3,19,28,35,42,
2017-07-06,13,18,19,33,38,
2017-07-07,1,13,20,30,34,
2017-07-08,1,10,19,21,35,
2017-07-09,15,17,27,39,41,
2017-07-10,3,9,22,24,37,
2017-07-11,15,18,22,26,33,
2017-07-12,11,12,18,19,36,
2017-07-13,2,12,15,17,31,
2017-07-14,1,9,32,36,38,
2017-07-15,5,6,21,27,42,
2017-07-16,9,12,16,18,34,
2017-07-17,4,11,12,13,14,
2017-07-18,1,14,24,25,29,
2017-07-19,8,24,34,37,38,
2017-07-20,10,22,23,32,39,
2017-07-21,6,10,14,15,24,
2017-07-22,10,26,29,38,40,
2017-07-23,6,8,26,31,37,
2017-07-24,8,16,19,27,39,
2017-07-25,6,19,26,27,34,
2017-07-26,2,3,15,27,37,
2017-07-27,2,10,18,35,42,
2017-07-28,7,16,21,34,37,
2017-07-29,2,3,11,14,23,
2017-07-30,18,31,33,37,40,
2017-07-31,6,11,12,18,22,
2017-08-01,7,11,13,18,27,
2017-08-02,5,8,11,22,32,
2017-08-03,7,20,27,28,35,
2017-08-04,3,4,6,24,26,
2017-08-05,1,7,8,18,38,
2017-08-06,7,9,13,21,28,
2017-08-07,4,10,15,20,35,
2017-08-08,6,24,25,26,30,
2017-08-09,4,7,8,9,29,
2017-08-10,6,14,20,21,27,
2017-08-11,2,5,27,36,39,
2017-08-12,5,18,35,36,39,
2017-08-13,5,7,11,14,15,
2017-08-14,11,12,15,33,37,
2017-08-15,11,14,26,28,38,
2017-08-16,19,25,29,34,38,
2017-08-17,9,18,30,31,37,
2017-08-18,14,16,23,28,32,
2017-08-19,13,18,35,38,40,
2017-08-20,11,26,31,38,40,
2017-08-21,6,10,17,24,38,
2017-08-22,17,23,26,37,39,
2017-08-23,5,6,11,19,24,
2017-08-24,12,14,25,26,39,
2017-08-25,10,22,34,36,39,
2017-08-26,8,21,31,34,39,
2017-08-27,2,10,13,19,24,
2017-08-28,8,24,29,30,35,
2017-08-29,12,25,26,29,41,
2017-08-30,3,18,23,30,38,
2017-08-31,8,19,26,33,36,
2017-09-01,1,18,27,35,38,
2017-09-02,10,11,39,41,42,
2017-09-03,3,7,14,24,40,
2017-09-04,6,22,36,38,39,
2017-09-05,3,14,23,25,38,
2017-09-06,4,12,19,25,31,
2017-09-07,3,9,18,33,38,
2017-09-08,2,5,8,27,35,
2017-09-09,3,6,7,34,41,
2017-09-10,12,13,25,32,38,
2017-09-11,4,15,22,31,42,
2017-09-12,4,9,22,26,40,
2017-09-13,12,13,16,17,32,
2017-09-14,7,20,23,32,42,
2017-09-15,3,9,17,21,42,
2017-09-16,6,24,28,29,38,
2017-09-17,12,13,34,40,42,
2017-09-18,4,13,15,24,35,
2017-09-19,27,34,36,38,41,
2017-09-20,7,9,16,19,30,
2017-09-21,8,9,19,20,29,
2017-09-22,5,8,34,35,41,
2017-09-23,3,12,14,16,41,
2017-09-24,10,28,32,37,41,
2017-09-25,6,14,18,22,42,
2017-09-26,14,16,29,34,38,
2017-09-27,5,12,18,21,34,
2017-09-28,14,27,33,36,41,
2017-09-29,16,27,34,36,38,
2017-09-30,10,24,27,32,40,
2017-10-01,5,12,16,34,36,
2017-10-02,3,21,26,31,40,
2017-10-03,15,16,17,18,23,
2017-10-04,6,21,23,24,27,
2017-10-05,2,21,27,28,34,
2017-10-06,12,34,35,36,39,
2017-10-07,1,23,32,40,41,
2017-10-08,6,7,21,36,38,
2017-10-09,29,30,33,37,39,
2017-10-10,3,15,17,21,29,
2017-10-11,3,11,19,25,33,
2017-10-12,1,4,10,15,16,
2017-10-13,6,17,21,30,32,
2017-10-14,5,8,19,24,29,
2017-10-15,1,5,12,24,29,
2017-10-16,10,15,21,35,37,
2017-10-17,6,14,22,24,42,
2017-10-18,2,20,22,23,30,
2017-10-19,16,25,32,34,39,
2017-10-20,5,13,21,29,30,
2017-10-21,20,24,28,29,40,
2017-10-22,3,5,11,12,37,
2017-10-23,4,6,8,25,37,
2017-10-24,15,24,25,36,40,
2017-10-25,21,23,25,30,33,
2017-10-26,14,24,33,38,40,
2017-10-27,19,20,30,35,40,
2017-10-28,1,5,13,15,28,
2017-10-29,1,14,15,17,31,
2017-10-30,4,7,23,24,26,
2017-10-31,15,16,18,30,33,
2017-11-01,1,16,21,24,34,
2017-11-02,7,10,14,20,29,
2017-11-03,3,7,8,23,33,
2017-11-04,5,10,15,41,42,
2017-11-05,1,10,19,25,26,
2017-11-06,1,9,23,37,42,
2017-11-07,2,10,20,21,31,
2017-11-08,19,25,30,39,41,
2017-11-09,8,29,34,38,39,
2017-11-10,7,18,20,28,33,
2017-11-11,2,3,30,31,42,
2017-11-12,1,5,24,32,40,
2017-11-13,13,15,19,24,28,
2017-11-14,4,8,22,25,42,
2017-11-15,5,7,19,20,37,
2017-11-16,5,6,7,21,22,
2017-11-17,8,13,14,16,39,
2017-11-18,8,17,18,31,41,
2017-11-19,6,9,24,32,39,
2017-11-20,19,25,32,39,40,
2017-11-21,1,15,24,27,39,
2017-11-22,15,22,23,36,42,
2017-11-23,17,31,33,37,41,
2017-11-24,5,9,16,28,36,
2017-11-25,10,14,26,31,40,
2017-11-26,3,5,16,34,37,
2017-11-27,11,14,20,38,42,
2017-11-28,6,11,27,28,34,
2017-11-29,31,33,36,39,40,
2017-11-30,15,17,18,23,24,
2017-12-01,2,14,20,34,36,
2017-12-02,10,12,19,20,36,
2017-12-03,1,22,26,32,42,
2017-12-04,12,18,26,32,35,
2017-12-05,3,4,6,7,37,
2017-12-06,1,6,15,21,41,
2017-12-07,10,19,27,33,37,
2017-12-08,6,12,21,26,29,
2017-12-09,2,10,22,24,28,
2017-12-10,4,18,29,32,42,
2017-12-11,19,22,32,40,41,
2017-12-12,4,5,13,16,18,
2017-12-13,4,8,14,23,42,
2017-12-14,5,13,17,20,36,
2017-12-15,5,9,21,35,42,
2017-12-16,6,22,23,26,38,
2017-12-17,6,16,17,20,30,
2017-12-18,2,5,9,26,42,
2017-12-19,2,5,14,22,37,
2017-12-20,13,14,16,32,37,
2017-12-21,18,19,22,32,41,
2017-12-22,18,22,26,41,42,
2017-12-23,2,18,28,29,40,
2017-12-24,8,15,19,23,37,
2017-12-25,7,8,23,26,41,
2017-12-26,3,14,22,30,35,
2017-12-27,8,14,18,23,31,
2017-12-28,4,7,11,24,33,
2017-12-29,7,9,18,21,27,
2017-12-30,5,7,15,16,38,
2017-12-31,2,15,30,35,37,
2018-01-01,8,13,14,19,22,
2018-01-02,3,24,30,32,39,
2018-01-03,2,11,13,28,29,
2018-01-04,5,12,20,25,42,
2018-01-05,7,12,29,30,35,
2018-01-06,2,11,14,32,41,
2018-01-07,1,3,28,29,38,
2018-01-08,10,18,25,27,29,
2018-01-09,3,12,20,29,33,
2018-01-10,2,11,12,15,40,
2018-01-11,1,12,19,24,40,
2018-01-12,14,15,21,28,31,
2018-01-13,28,30,37,39,40,
2018-01-14,1,8,21,28,38,
2018-01-15,3,7,29,36,41,
2018-01-16,2,19,20,38,40,
2018-01-17,3,4,12,18,24,
2018-01-18,9,28,34,39,42,
2018-01-19,14,21,26,32,34,
2018-01-20,1,22,30,35,37,
2018-01-21,13,19,24,28,36,
2018-01-22,11,17,32,39,40,
2018-01-23,7,20,21,39,40,
2018-01-24,12,25,30,37,42,
2018-01-25,5,16,38,39,41,
2018-01-26,4,9,11,12,23,
2018-01-27,1,4,9,17,19,
2018-01-28,2,19,20,23,40,
2018-01-29,7,20,25,40,41,
2018-01-30,5,17,21,25,41,
2018-01-31,7,14,22,32,40,
2018-02-01,1,4,6,8,9,
2018-02-02,12,13,15,24,25,
2018-02-03,16,24,25,38,40,
2018-02-04,10,18,24,28,36,
2018-02-05,17,27,29,39,42,
2018-02-06,14,21,27,38,40,
2018-02-07,1,21,31,38,42,
2018-02-08,17,33,34,36,39,
2018-02-09,10,11,20,29,35,
2018-02-10,4,19,33,35,42,
2018-02-11,2,6,19,23,26,
2018-02-12,2,19,20,25,36,
2018-02-13,1,3,11,34,36,
2018-02-14,13,18,20,27,38,
2018-02-15,3,7,10,34,36,
2018-02-16,1,8,11,19,39,
2018-02-17,12,15,19,33,36,
2018-02-18,6,19,24,28,32,
2018-02-19,3,13,22,32,38,
2018-02-20,3,16,20,31,36,
2018-02-21,1,12,13,18,36,
2018-02-22,2,7,19,31,33,
2018-02-23,8,13,28,29,31,
2018-02-24,12,15,20,22,30,
2018-02-25,9,16,31,39,41,
2018-02-26,5,7,26,31,41,
2018-02-27,2,10,14,27,29,
2018-02-28,8,17,19,23,30,
2018-03-01,8,32,36,37,41,
2018-03-02,8,9,17,24,38,
2018-03-03,13,16,17,27,41,
2018-03-04,6,11,13,26,39,
2018-03-05,3,5,15,20,31,
2018-03-06,2,4,31,32,33,
2018-03-07,3,20,25,39,41,
2018-03-08,1,17,18,23,27,
2018-03-09,8,11,28,33,40,
2018-03-10,10,20,32,37,39,
2018-03-11,8,23,32,33,41,
2018-03-12,9,12,19,35,39,
2018-03-13,23,28,29,35,42,
2018-03-14,16,17,21,25,34,
2018-03-15,3,10,19,31,32,
2018-03-16,5,17,33,36,37,
2018-03-17,1,3,10,15,16,
2018-03-18,18,22,24,26,28,
2018-03-19,10,12,18,27,40,
2018-03-20,10,21,22,40,41,
2018-03-21,3,11,23,24,41,
2018-03-22,2,15,18,28,31,
2018-03-23,5,12,30,31,35,
2018-03-24,4,18,24,29,38,
2018-03-25,12,13,15,33,39,
2018-03-26,4,7,21,31,33,
2018-03-27,9,25,26,33,38,
2018-03-28,13,17,22,28,33,
2018-03-29,5,26,29,39,42,
2018-03-30,1,20,30,34,40,
2018-03-31,10,18,21,23,29,
2018-04-01,5,14,17,32,33,
2018-04-02,10,15,19,27,40,
2018-04-03,1,4,10,13,27,
2018-04-04,9,10,21,34,38,
2018-04-05,1,2,27,33,35,
2018-04-06,5,16,18,25,40,
2018-04-07,5,10,26,34,35,
2018-04-08,15,20,23,27,29,
2018-04-09,1,17,19,21,22,
2018-04-10,10,14,29,35,37,
2018-04-11,6,10,11,36,41,
2018-04-12,2,11,13,21,30,
2018-04-13,6,10,14,18,41,
2018-04-14,3,19,22,31,36,
2018-04-15,3,22,24,34,40,
2018-04-16,2,4,9,12,30,
2018-04-17,4,18,23,26,42,
2018-04-18,9,10,18,24,30,
2018-04-19,15,16,24,35,41,
2018-04-20,15,17,18,25,34,
2018-04-21,1,13,17,27,38,
2018-04-22,13,17,27,35,38,
2018-04-23,21,25,26,31,37,
2018-04-24,3,11,26,31,32,
2018-04-25,2,7,10,28,42,
2018-04-26,4,9,26,30,39,
2018-04-27,14,16,17,30,39,
2018-04-28,1,2,14,23,29,
2018-04-29,13,19,29,32,36,
2018-04-30,5,8,9,19,42,
2018-05-01,4,18,19,21,33,
2018-05-02,1,4,5,15,36,
2018-05-03,5,13,30,39,41,
2018-05-04,3,6,20,26,37,
2018-05-05,4,6,20,21,25,
2018-05-06,2,5,20,30,42,
2018-05-07,13,17,18,22,38,
2018-05-08,3,5,26,32,39,
2018-05-09,1,7,9,24,37,
2018-05-10,5,9,14,20,31,
2018-05-11,1,11,13,33,37,
2018-05-12,4,10,22,27,33,
2018-05-13,10,12,17,24,40,
2018-05-14,2,5,24,29,38,
2018-05-15,4,17,22,24,32,
2018-05-16,6,12,13,19,20,
2018-05-17,13,19,21,28,34,
2018-05-18,8,9,16,20,38,
2018-05-19,8,21,25,26,39,
2018-05-20,23,29,31,36,40,
2018-05-21,11,19,27,32,42,
2018-05-22,16,18,25,30,39,
2018-05-23,2,16,18,21,29,
2018-05-24,17,22,33,36,37,
2018-05-25,4,11,14,24,27,
2018-05-26,10,19,29,31,32,
2018-05-27,1,8,13,28,39,
2018-05-28,4,6,17,38,39,
2018-05-29,10,13,23,30,40,
2018-05-30,4,8,27,32,37,
2018-05-31,1,8,30,31,32,
2018-06-01,2,12,19,27,30,
2018-06-02,3,15,23,29,40,
2018-06-03,7,9,18,22,35,
2018-06-04,14,17,26,30,38,
2018-06-05,8,17,21,22,25,
2018-06-06,3,26,31,35,40,
2018-06-07,7,16,17,35,42,
2018-06-08,14,17,19,25,34,
2018-06-09,2,22,29,32,41,
2018-06-10,2,8,11,27,30,
2018-06-11,7,12,13,22,37,
2018-06-12,15,17,26,38,40,
2018-06-13,14,28,29,34,40,
2018-06-14,4,5,25,27,36,
2018-06-15,1,13,17,26,28,
2018-06-16,14,22,25,28,38,
2018-06-17,9,14,17,35,36,
2018-06-18,4,18,26,38,40,
2018-06-19,5,22,31,36,37,
2018-06-20,1,9,11,26,42,
2018-06-21,2,6,8,9,42,
2018-06-22,1,9,13,24,31,
2018-06-23,3,5,7,21,26,
2018-06-24,1,16,22,28,37,
2018-06-25,4,24,26,31,34,
2018-06-26,12,24,25,29,41,
2018-06-27,21,30,33,38,41,
2018-06-28,4,21,29,30,31,
2018-06-29,1,2,25,30,34,
2018-06-30,3,7,17,25,35,
2018-07-01,4,12,16,24,29,
2018-07-02,17,22,28,30,36,
2018-07-03,12,23,31,35,37,
2018-07-04,3,4,8,25,31,
2018-07-05,1,3,11,30,37,
2018-07-06,1,3,6,11,38,
2018-07-07,9,26,31,32,40,
2018-07-08,1,4,11,15,25,
2018-07-09,1,23,25,39,41,
2018-07-10,7,11,17,27,42,
2018-07-11,6,25,33,36,39,
2018-07-12,16,19,20,21,32,
2018-07-13,3,9,19,28,31,
2018-07-14,7,10,26,31,37,
2018-07-15,3,5,27,38,41,
2018-07-16,2,7,20,21,27,
2018-07-17,2,3,17,25,31,
2018-07-18,7,18,36,37,39,
2018-07-19,3,13,16,19,39,
2018-07-20,12,22,27,32,39,
2018-07-21,13,22,24,39,41,
2018-07-22,7,16,20,25,33,
2018-07-23,1,3,8,23,42,
2018-07-24,2,4,8,11,20,
2018-07-25,9,10,23,24,27,
2018-07-26,10,12,13,16,33,
2018-07-27,2,8,11,31,36,
2018-07-28,10,13,23,25,40,
2018-07-29,3,14,24,26,27,
2018-07-30,3,13,34,39,41,
2018-07-31,3,20,23,32,40,
2018-08-01,9,15,32,38,41,
2018-08-02,13,16,17,23,28,
2018-08-03,1,8,22,23,30,
2018-08-04,9,12,18,27,37,
2018-08-05,4,11,20,25,38,
2018-08-06,4,6,12,29,41,
2018-08-07,9,27,33,36,39,
2018-08-08,12,20,26,37,42,
2018-08-09,8,9,20,23,42,
2018-08-10,1,5,16,37,40,
2018-08-11,6,11,24,27,30,
2018-08-12,19,29,30,35,37,
2018-08-13,21,23,28,34,37,
2018-08-14,3,7,10,38,41,
2018-08-15,12,17,20,34,41,
2018-08-16,3,6,17,26,42,
2018-08-17,4,9,25,32,37,
2018-08-18,1,3,6,11,22,
2018-08-19,6,9,28,30,34,
2018-08-20,1,4,7,13,38,
2018-08-21,3,4,6,24,29,
2018-08-22,2,31,34,40,41,
2018-08-23,3,19,24,25,32,
2018-08-24,5,6,10,17,37,
2018-08-25,7,10,32,34,40,
2018-08-26,1,3,21,24,30,
2018-08-27,10,15,24,26,32,
2018-08-28,8,14,17,24,40,
2018-08-29,4,13,15,33,36,
2018-08-30,11,15,26,33,42,
2018-08-31,15,16,20,32,42,
2018-09-01,10,30,40,41,42,
2018-09-02,8,12,15,19,20,
2018-09-03,3,9,26,38,42,
2018-09-04,1,4,15,16,20,
2018-09-05,2,7,8,11,14,
2018-09-06,7,10,17,22,28,
2018-09-07,8,11,20,25,26,
2018-09-08,4,13,25,35,42,
2018-09-09,1,19,25,30,41,
2018-09-10,5,7,11,33,35,
2018-09-11,6,11,18,19,37,
2018-09-12,7,8,23,24,42,
2018-09-13,5,9,17,20,34,
2018-09-14,1,5,9,23,29,
2018-09-15,8,15,18,28,41,
2018-09-16,8,26,31,33,37,
2018-09-17,12,20,23,28,33,
2018-09-18,1,9,10,17,40,
2018-09-19,5,20,22,26,29,
2018-09-20,13,19,22,23,34,
2018-09-21,4,5,14,22,36,
2018-09-22,5,21,23,34,38,
2018-09-23,4,8,20,21,22,
2018-09-24,18,20,33,37,41,
2018-09-25,7,24,26,27,29,
2018-09-26,11,29,31,33,38,
2018-09-27,5,17,24,27,41,
2018-09-28,3,9,11,26,35,
2018-09-29,2,18,19,22,31,
2018-09-30,5,7,18,21,41,
2018-10-01,7,8,10,21,30,
2018-10-02,5,11,24,25,39,
2018-10-03,4,9,23,29,40,
2018-10-04,3,6,17,18,34,
2018-10-05,13,23,25,31,37,
2018-10-06,24,26,27,29,34,
2018-10-07,7,14,23,36,37,
2018-10-08,23,28,29,30,40,
2018-10-09,12,14,17,30,40,
2018-10-10,3,23,25,35,42,
2018-10-11,4,15,29,30,38,
2018-10-12,12,20,26,27,37,
2018-10-13,2,4,25,32,33,
2018-10-14,13,15,16,23,24,
2018-10-15,6,12,25,31,36,
2018-10-16,8,12,18,32,36,
2018-10-17,1,22,24,30,34,
2018-10-18,9,11,18,20,35,
2018-10-19,9,23,27,29,41,
2018-10-20,4,12,23,24,30,
2018-10-21,6,18,28,29,30,
2018-10-22,17,21,22,26,39,
2018-10-23,13,16,17,25,33,
2018-10-24,2,6,12,13,22,
2018-10-25,15,20,34,36,38,
2018-10-26,17,21,27,34,35,
2018-10-27,6,13,15,16,22,
2018-10-28,1,5,7,30,35,
2018-10-29,2,15,22,28,32,
2018-10-30,9,22,25,40,41,
2018-10-31,7,14,18,23,38,
2018-11-01,8,16,29,31,35,
2018-11-02,6,21,23,33,35,
2018-11-03,6,7,12,17,38,
2018-11-04,19,28,33,34,39,
2018-11-05,7,19,21,32,36,
2018-11-06,24,25,30,38,41,
2018-11-07,9,12,19,26,38,
2018-11-08,1,3,20,29,41,
2018-11-09,8,22,31,36,37,
2018-11-10,4,22,35,38,41,
2018-11-11,5,17,21,32,36,
2018-11-12,3,10,23,24,30,
2018-11-13,10,27,32,33,34,
2018-11-14,9,11,30,39,42,
2018-11-15,15,28,33,36,37,
2018-11-16,3,12,18,32,34,
2018-11-17,1,20,21,40,42,
2018-11-18,8,9,23,35,38,
2018-11-19,2,6,21,23,42,
2018-11-20,5,19,26,28,33,
2018-11-21,2,19,29,38,39,
2018-11-22,2,5,9,10,33,
2018-11-23,2,13,18,24,35,
2018-11-24,13,17,28,37,38,
2018-11-25,2,14,22,26,28,
2018-11-26,3,4,9,14,24,
2018-11-27,2,4,6,7,16,
2018-11-28,12,21,29,36,38,
2018-11-29,4,11,23,24,38,
2018-11-30,2,5,17,35,42,
2018-12-01,7,15,16,21,30,
2018-12-02,11,12,16,26,36,
2018-12-03,4,11,17,18,37,
2018-12-04,3,18,21,34,38,
2018-12-05,6,13,27,29,41,
2018-12-06,5,7,9,17,33,
2018-12-07,7,11,27,28,35,
2018-12-08,2,12,17,39,40,
2018-12-09,11,14,17,34,42,
2018-12-10,1,11,26,38,42,
2018-12-11,16,19,20,37,40,
2018-12-12,4,32,34,35,41,
2018-12-13,9,22,25,31,39,
2018-12-14,12,21,25,28,39,
2018-12-15,10,11,26,28,34,
2018-12-16,11,12,17,31,39,
2018-12-17,3,7,25,36,37,
2018-12-18,4,9,12,27,35,
2018-12-19,1,6,26,37,39,
2018-12-20,1,4,9,13,40,
2018-12-21,3,16,27,29,31,
2018-12-22,4,6,12,20,36,
2018-12-23,3,6,20,23,41,
2018-12-24,10,21,26,30,34,
2018-12-25,4,16,27,28,40,
2018-12-26,4,8,14,19,36,
2018-12-27,7,12,13,17,19,
2018-12-28,23,25,26,36,39,
2018-12-29,3,7,12,24,32,
2018-12-30,4,17,26,34,37,
2018-12-31,3,8,9,27,31,
2019-01-01,3,14,31,34,36,
2019-01-02,2,10,11,12,33,
2019-01-03,8,11,27,33,34,
2019-01-04,7,32,34,39,40,
2019-01-05,4,33,34,37,38,
2019-01-06,12,14,16,33,42,
2019-01-07,1,9,11,20,22,
2019-01-08,22,29,33,35,40,
2019-01-09,9,11,15,16,36,
2019-01-10,1,11,25,32,35,
2019-01-11,4,10,19,24,25,
2019-01-12,6,17,19,22,28,
2019-01-13,6,10,12,30,41,
2019-01-14,7,21,24,37,40,
2019-01-15,15,27,28,30,36,
2019-01-16,1,5,6,7,11,
2019-01-17,2,30,32,38,42,
2019-01-18,6,16,18,26,37,
2019-01-19,1,2,14,28,41,
2019-01-20,8,12,13,16,30,
2019-01-21,1,3,14,25,39,
2019-01-22,3,6,18,21,28,
2019-01-23,1,11,21,23,42,
2019-01-24,14,20,32,33,36,
2019-01-25,4,8,16,34,39,
2019-01-26,17,25,30,36,37,
2019-01-27,6,11,16,19,41,
2019-01-28,10,16,19,27,38,
2019-01-29,6,17,21,29,34,
2019-01-30,19,28,29,34,35,
2019-01-31,4,16,30,34,42,
2019-02-01,8,9,16,36,37,
2019-02-02,1,15,19,37,40,
2019-02-03,8,38,39,41,42,
2019-02-04,6,32,33,41,42,
2019-02-05,2,5,14,29,42,
2019-02-06,4,7,14,21,29,
2019-02-07,8,10,16,18,31,
2019-02-08,9,23,25,28,38,
2019-02-09,2,14,16,27,39,
2019-02-10,2,6,11,28,37,
2019-02-11,1,11,15,19,20,
2019-02-12,2,3,9,33,39,
2019-02-13,2,18,30,32,40,
2019-02-14,2,30,31,35,36,
2019-02-15,4,11,12,28,40,
2019-02-16,3,7,18,19,34,
2019-02-17,21,23,24,31,37,
2019-02-18,21,23,29,39,42,
2019-02-19,15,18,21,22,37,
2019-02-20,10,13,20,33,35,
2019-02-21,2,3,27,30,41,
2019-02-22,6,15,16,23,38,
2019-02-23,9,15,18,32,41,
2019-02-24,3,27,31,37,39,
2019-02-25,7,20,28,37,41,
2019-02-26,5,7,17,20,29,
2019-02-27,8,11,18,22,32,
2019-02-28,11,13,27,30,41,
2019-03-01,1,13,30,32,33,
2019-03-02,13,19,22,23,35,
2019-03-03,2,8,18,26,37,
2019-03-04,4,28,30,31,42,
2019-03-05,8,21,30,32,39,
2019-03-06,8,11,21,37,39,
2019-03-07,13,17,21,33,37,
2019-03-08,14,16,25,32,38,
2019-03-09,7,15,19,31,38,
2019-03-10,3,29,30,37,39,
2019-03-11,19,27,32,34,39,
2019-03-12,3,4,7,11,42,
2019-03-13,8,15,26,27,29,
2019-03-14,6,11,15,28,32,
2019-03-15,5,6,10,28,33,
2019-03-16,9,10,22,28,36,
2019-03-17,19,31,32,37,42,
2019-03-18,10,21,29,34,39,
2019-03-19,5,6,10,29,32,
2019-03-20,17,20,22,30,39,
2019-03-21,5,32,33,34,35,
2019-03-22,4,8,9,33,38,
2019-03-23,6,7,19,34,35,
2019-03-24,2,26,32,36,38,
2019-03-25,12,19,27,33,37,
2019-03-26,5,12,21,31,36,
2019-03-27,7,23,25,39,42,
2019-03-28,4,11,28,37,41,
2019-03-29,5,7,36,37,40,
2019-03-30,17,21,27,37,42,
2019-03-31,1,9,11,23,25,
2019-04-01,21,22,23,27,33,
2019-04-02,17,18,30,33,35,
2019-04-03,1,4,16,17,36,
2019-04-04,2,6,14,30,34,
2019-04-05,5,13,18,33,38,
2019-04-06,8,13,15,22,24,
2019-04-07,13,22,24,37,39,
2019-04-08,1,3,12,17,32,
2019-04-09,3,21,23,24,32,
2019-04-10,3,25,27,32,41,
2019-04-11,2,9,29,35,38,
2019-04-12,2,16,20,22,30,
2019-04-13,23,24,36,39,41,
2019-04-14,4,6,12,19,36,
2019-04-15,9,19,22,25,30,
2019-04-16,9,21,26,34,41,
2019-04-17,7,12,13,22,34,
2019-04-18,2,11,14,30,41,
2019-04-19,7,9,25,28,29,
2019-04-20,11,12,27,30,39,
2019-04-21,16,26,30,38,39,
2019-04-22,5,10,23,24,40,
2019-04-23,2,5,24,28,30,
2019-04-24,1,17,22,25,39,
2019-04-25,3,23,28,35,40,
2019-04-26,7,12,34,36,38,
2019-04-27,2,24,27,30,34,
2019-04-28,6,12,16,24,31,
2019-04-29,8,15,21,25,35,
2019-04-30,4,5,15,18,28,
2019-05-01,14,23,26,31,42,
2019-05-02,2,21,22,25,35,
2019-05-03,10,11,17,30,38,
2019-05-04,7,34,39,40,42,
2019-05-05,7,27,35,38,39,
2019-05-06,5,10,18,26,28,
2019-05-07,1,6,13,18,42,
2019-05-08,3,4,6,16,23,
2019-05-09,3,17,34,37,42,
2019-05-10,5,8,21,30,38,
2019-05-11,6,26,34,38,41,
2019-05-12,7,17,20,33,42,
2019-05-13,8,16,19,26,36,
2019-05-14,14,15,19,32,33,
2019-05-15,10,12,26,30,37,
2019-05-16,7,15,21,22,24,
2019-05-17,12,17,22,31,41,
2019-05-18,9,10,12,28,32,
2019-05-19,9,11,13,18,30,
2019-05-20,5,9,16,19,39,
2019-05-21,7,8,10,22,41,
2019-05-22,8,9,19,22,26,
2019-05-23,7,11,12,16,17,
2019-05-24,3,18,22,23,40,
2019-05-25,3,6,17,26,31,
2019-05-26,4,6,9,17,40,
2019-05-27,3,16,18,19,37,
2019-05-28,3,10,14,21,22,
2019-05-29,2,5,20,31,41,
2019-05-30,19,20,33,35,42,
2019-05-31,21,29,32,40,42,
2019-06-01,8,12,15,26,42,
2019-06-02,5,8,9,30,34,
2019-06-03,7,13,18,21,39,
2019-06-04,10,20,26,28,33,
2019-06-05,2,5,6,9,14,
2019-06-06,1,7,21,31,35,
2019-06-07,14,16,20,25,36,
2019-06-08,1,8,10,16,34,
2019-06-09,7,9,22,27,28,
2019-06-10,7,8,17,27,30,
2019-06-11,1,3,8,16,33,
2019-06-12,6,15,21,30,41,
2019-06-13,2,15,18,27,38,
2019-06-14,8,29,37,38,42,
2019-06-15,6,8,20,21,22,
2019-06-16,6,11,13,33,35,
2019-06-17,10,17,20,27,35,
2019-06-18,6,20,24,35,40,
2019-06-19,7,10,12,13,41,
2019-06-20,2,12,17,30,36,
2019-06-21,15,20,36,37,38,
2019-06-22,1,7,28,30,35,
2019-06-23,16,23,34,39,40,
2019-06-24,1,16,36,40,42,
2019-06-25,1,8,13,26,36,
2019-06-26,8,9,24,35,37,
2019-06-27,9,16,18,28,31,
2019-06-28,7,10,30,38,42,
2019-06-29,7,11,12,17,42,
2019-06-30,1,15,16,25,36,
2019-07-01,20,28,31,33,41,
2019-07-02,2,11,20,28,31,
2019-07-03,6,9,10,21,42,
2019-07-04,1,8,10,24,38,
2019-07-05,5,10,33,34,35,
2019-07-06,9,22,28,35,42,
2019-07-07,20,26,29,32,38,
2019-07-08,8,13,16,18,23,
2019-07-09,6,7,12,16,37,
2019-07-10,17,23,34,40,42,
2019-07-11,18,25,32,36,42,
2019-07-12,11,20,21,35,37,
2019-07-13,9,15,21,26,36,
2019-07-14,1,9,11,25,31,
2019-07-15,4,15,21,27,36,
2019-07-16,1,2,7,26,36,
2019-07-17,2,7,25,27,29,
2019-07-18,18,20,21,40,42,
2019-07-19,14,20,28,31,32,
2019-07-20,10,11,19,24,37,
2019-07-21,13,16,29,32,42,
2019-07-22,9,22,23,30,39,
2019-07-23,7,8,18,20,27,
2019-07-24,2,11,13,31,38,
2019-07-25,1,16,17,24,37,
2019-07-26,3,11,25,26,37,
2019-07-27,1,4,10,20,33,
2019-07-28,1,6,17,29,38,
2019-07-29,17,21,32,36,39,
2019-07-30,5,13,29,30,33,
2019-07-31,2,12,14,27,30,
2019-08-01,7,21,26,27,41,
2019-08-02,1,4,6,19,39,
2019-08-03,5,9,11,34,39,
2019-08-04,11,17,24,29,30,
2019-08-05,4,6,19,23,38,
2019-08-06,6,8,17,22,35,
2019-08-07,20,21,24,25,31,
2019-08-08,3,10,17,25,40,
2019-08-09,5,17,23,24,36,
2019-08-10,1,17,18,20,28,
2019-08-11,5,12,21,39,40,
2019-08-12,8,13,14,30,35,
2019-08-13,4,17,18,22,37,
2019-08-14,12,13,27,29,37,
2019-08-15,12,23,25,28,29,
2019-08-16,3,17,18,21,24,
2019-08-17,1,4,15,18,40,
2019-08-18,16,19,26,32,40,
2019-08-19,2,3,6,8,15,
2019-08-20,1,9,15,19,38,
2019-08-21,4,11,12,21,25,
2019-08-22,2,6,32,34,37,
2019-08-23,3,11,20,32,40,
2019-08-24,13,16,19,24,32,
2019-08-25,13,20,22,40,41,
2019-08-26,19,29,33,36,37,
2019-08-27,15,18,31,33,39,
2019-08-28,3,17,24,25,34,
2019-08-29,5,7,18,29,42,
2019-08-30,4,17,20,35,39,
2019-08-31,6,10,19,25,30,
2019-09-01,5,10,21,31,40,
2019-09-02,2,7,15,19,32,
2019-09-03,10,11,20,24,35,
2019-09-04,2,6,8,17,25,
2019-09-05,13,16,24,41,42,
2019-09-06,14,24,29,34,41,
2019-09-07,4,28,30,37,41,
2019-09-08,2,16,30,32,37,
2019-09-09,7,12,26,33,36,
2019-09-10,13,14,23,35,40,
2019-09-11,8,21,23,33,38,
2019-09-12,14,27,29,32,36,
2019-09-13,4,17,19,31,40,
2019-09-14,16,17,18,31,41,
2019-09-15,5,25,26,27,35,
2019-09-16,14,20,23,25,37,
2019-09-17,4,17,28,39,40,
2019-09-18,8,10,15,32,40,
2019-09-19,23,24,25,27,32,
2019-09-20,2,15,22,26,31,
2019-09-21,1,7,28,29,33,
2019-09-22,11,13,28,35,36,
2019-09-23,9,11,16,17,24,
2019-09-24,4,14,26,27,39,
2019-09-25,17,23,29,35,41,
2019-09-26,8,16,18,31,32,
2019-09-27,10,17,23,29,31,
2019-09-28,15,21,31,35,39,
2019-09-29,13,14,19,27,28,
2019-09-30,8,9,14,26,29,
2019-10-01,8,10,11,25,29,
2019-10-02,7,13,15,20,32,
2019-10-03,1,19,20,26,34,
2019-10-04,1,8,28,30,41,
2019-10-05,2,14,25,27,36,
2019-10-06,1,14,25,28,29,
2019-10-07,2,24,26,41,42,
2019-10-08,11,32,35,39,40,
2019-10-09,2,8,19,40,42,
2019-10-10,7,12,15,16,20,
2019-10-11,3,13,17,22,24,
2019-10-12,17,19,27,30,42,
2019-10-13,12,17,18,39,40,
2019-10-14,9,26,27,29,30,
2019-10-15,6,9,14,17,39,
2019-10-16,6,17,22,35,41,
2019-10-17,2,21,25,27,35,
2019-10-18,7,10,17,23,37,
2019-10-19,4,22,25,30,35,
2019-10-20,4,10,18,27,32,
2019-10-21,3,6,24,27,29,
2019-10-22,5,15,19,20,38,
2019-10-23,1,12,27,28,37,
2019-10-24,17,18,20,38,39,
2019-10-25,3,7,29,31,39,
2019-10-26,21,35,38,40,41,
2019-10-27,9,17,23,25,34,
2019-10-28,7,13,19,28,38,
2019-10-29,4,13,20,34,39,
2019-10-30,2,6,31,34,39,
2019-10-31,13,18,35,40,42,
2019-11-01,2,9,19,26,41,
2019-11-02,2,5,18,30,41,
2019-11-03,13,22,27,31,39,
2019-11-04,9,12,21,25,41,
2019-11-05,13,19,29,36,37,
2019-11-06,4,8,12,17,30,
2019-11-07,5,15,26,27,31,
2019-11-08,6,14,25,28,33,
2019-11-09,4,14,19,21,37,
2019-11-10,7,15,27,28,42,
2019-11-11,3,27,34,36,40,
2019-11-12,5,11,17,18,23,
2019-11-13,7,16,20,27,39,
2019-11-14,11,26,28,34,41,
2019-11-15,2,7,21,22,26,
2019-11-16,7,19,34,36,40,
2019-11-17,1,5,7,10,31,
2019-11-18,20,22,31,36,41,
2019-11-19,9,12,13,31,33,
2019-11-20,6,10,14,15,22,
2019-11-21,15,19,24,39,40,
2019-11-22,3,7,14,23,34,
2019-11-23,5,9,17,27,39,
2019-11-24,7,17,19,24,31,
2019-11-25,2,6,25,29,37,
2019-11-26,29,33,36,37,42,
2019-11-27,8,14,16,29,42,
2019-11-28,10,17,19,28,30,
2019-11-29,4,14,23,24,34,
2019-11-30,3,5,6,14,24,
2019-12-01,17,25,33,35,41,
2019-12-02,1,6,16,35,38,
2019-12-03,7,24,25,37,38,
2019-12-04,2,8,21,34,42,
2019-12-05,1,2,11,14,15,
2019-12-06,3,25,34,37,40,
2019-12-07,22,23,29,34,40,
2019-12-08,4,5,13,29,35,
2019-12-09,17,22,28,34,41,
2019-12-10,16,24,31,33,41,
2019-12-11,6,12,15,19,37,
2019-12-12,11,14,27,29,31,
2019-12-13,8,16,17,18,37,
2019-12-14,8,18,21,22,31,
2019-12-15,4,8,10,33,38,
2019-12-16,1,3,12,17,35,
2019-12-17,5,7,21,30,33,
2019-12-18,21,22,25,28,39,
2019-12-19,6,7,8,25,41,
2019-12-20,8,21,37,40,41,
2019-12-21,2,15,18,23,40,
2019-12-22,6,16,23,29,35,
2019-12-23,11,18,25,29,41,
2019-12-24,14,17,18,23,37,
2019-12-25,3,6,16,36,41,
2019-12-26,2,11,19,26,41,
2019-12-27,13,20,22,25,31,
2019-12-28,2,18,19,23,38,
2019-12-29,2,9,34,36,38,
2019-12-30,14,18,21,24,37,
2019-12-31,4,19,21,22,37,
2020-01-01,5,11,29,33,39,
2020-01-02,7,15,31,37,40,
2020-01-03,7,10,21,32,35,
2020-01-04,1,11,28,33,38,
2020-01-05,7,9,22,33,34,
2020-01-06,9,12,20,34,35,
2020-01-07,3,7,9,17,26,
2020-01-08,7,8,32,38,41,
2020-01-09,3,15,30,31,39,
2020-01-10,3,21,29,32,42,
2020-01-11,8,9,11,34,37,
2020-01-12,2,3,8,34,42,
2020-01-13,2,26,35,41,42,
2020-01-14,3,8,20,29,36,
2020-01-15,12,27,29,31,34,
2020-01-16,2,5,8,25,42,
2020-01-17,18,19,21,30,36,
2020-01-18,1,18,31,33,37,
2020-01-19,11,19,22,24,29,
2020-01-20,8,21,32,36,37,
2020-01-21,21,23,27,37,42,
2020-01-22,9,14,24,29,32,
2020-01-23,7,22,28,30,36,
2020-01-24,9,22,33,35,39,
2020-01-25,5,16,18,25,27,
2020-01-26,3,4,32,36,42,
2020-01-27,6,14,20,21,27,
2020-01-28,6,7,17,30,34,
2020-01-29,3,16,23,26,28,
2020-01-30,8,13,36,37,38,
2020-01-31,4,5,9,32,42,
2020-02-01,10,13,15,34,38,
2020-02-02,9,14,15,21,27,
2020-02-03,4,5,8,36,39,
2020-02-04,1,7,11,23,38,
2020-02-05,2,18,35,38,40,
2020-02-06,4,8,17,19,37,
2020-02-07,3,5,7,10,35,
2020-02-08,20,23,25,34,41,
2020-02-09,7,9,22,27,35,
2020-02-10,22,23,36,39,41,
2020-02-11,3,13,27,33,37,
2020-02-12,8,11,28,29,39,
2020-02-13,11,18,20,41,42,
2020-02-14,1,16,17,24,40,
2020-02-15,1,3,6,17,40,
2020-02-16,1,23,24,32,39,
2020-02-17,5,11,13,17,25,
2020-02-18,11,16,26,32,42,
2020-02-19,12,13,22,27,34,
2020-02-20,7,11,24,25,42,
2020-02-21,3,12,19,33,38,
2020-02-22,8,10,20,23,33,
2020-02-23,6,13,16,17,30,
2020-02-24,6,10,11,15,16,
2020-02-25,4,5,10,35,40,
2020-02-26,12,16,20,28,30,
2020-02-27,3,9,10,21,38,
2020-02-28,3,5,33,37,39,
2020-02-29,6,19,21,28,32,
2020-03-01,9,17,36,39,41,
2020-03-02,4,9,24,34,42,
2020-03-03,1,7,27,28,32,
2020-03-04,1,12,21,36,39,
2020-03-05,10,29,33,40,42,
2020-03-06,2,9,14,15,39,
2020-03-07,9,11,15,31,32,
2020-03-08,6,19,24,37,41,
2020-03-09,6,14,22,24,33,
2020-03-10,1,10,24,33,34,
2020-03-11,4,11,36,39,41,
2020-03-12,10,12,34,36,39,
2020-03-13,2,19,20,30,31,
2020-03-14,2,16,20,21,33,
2020-03-15,11,20,25,36,42,
2020-03-16,2,6,9,21,29,
2020-03-17,1,8,10,27,31,
2020-03-18,3,8,9,18,38,
2020-03-19,9,24,25,32,40,
2020-03-20,17,31,34,36,41,
2020-03-21,10,15,19,20,33,
2020-03-22,2,24,28,29,41,
2020-03-23,12,14,19,21,32,
2020-03-24,13,19,26,31,36,
2020-03-25,2,10,31,36,37,
2020-03-26,5,21,36,39,40,
2020-03-27,6,17,24,37,42,
2020-03-28,10,20,22,30,31,
2020-03-29,10,13,14,29,32,
2020-03-30,22,24,35,37,42,
2020-03-31,10,11,17,24,39,
2020-04-01,5,13,14,17,41,
2020-04-02,10,18,26,37,41,
2020-04-03,2,5,30,34,35,
2020-04-04,1,11,23,28,31,
2020-04-05,5,28,29,38,40,
2020-04-06,2,6,12,25,41,
2020-04-07,9,13,19,31,37,
2020-04-08,13,20,28,30,36,
2020-04-09,2,17,20,30,34,
2020-04-10,10,11,17,25,27,
2020-04-11,7,25,27,28,31,
2020-04-12,2,12,27,35,41,
2020-04-13,2,6,10,18,39,
2020-04-14,3,4,8,18,29,
2020-04-15,11,19,34,35,37,
2020-04-16,2,3,8,30,40,
2020-04-17,1,4,17,19,40,
2020-04-18,3,5,12,18,36,
2020-04-19,11,16,18,33,35,
2020-04-20,10,21,30,31,39,
2020-04-21,7,12,14,18,25,
2020-04-22,7,16,20,22,29,
2020-04-23,20,26,32,39,42,
2020-04-24,7,24,34,37,38,
2020-04-25,9,17,19,20,28,
2020-04-26,12,17,32,36,38,
2020-04-27,9,13,20,24,26,
2020-04-28,12,18,21,34,40,
2020-04-29,1,2,6,15,25,
2020-04-30,9,17,28,32,41,
2020-05-01,5,12,21,30,42,
2020-05-02,1,5,11,12,20,
2020-05-03,16,22,35,37,41,
2020-05-04,3,24,30,34,41,
2020-05-05,11,22,29,34,37,
2020-05-06,17,25,26,32,38,
2020-05-07,9,22,23,25,42,
2020-05-08,4,18,22,29,39,
2020-05-09,4,6,15,20,41,
2020-05-10,7,20,25,30,39,
2020-05-11,4,16,29,30,42,
2020-05-12,4,7,19,22,39,
2020-05-13,3,12,18,26,41,
2020-05-14,6,10,11,14,39,
2020-05-15,1,7,19,24,31,
2020-05-16,18,22,25,33,36,
2020-05-17,1,3,17,18,41,
2020-05-18,15,16,22,27,40,
2020-05-19,6,12,17,26,27,
2020-05-20,2,12,29,33,37,
2020-05-21,9,13,26,28,37,
2020-05-22,2,24,32,34,39,
2020-05-23,18,23,30,38,39,
2020-05-24,9,12,16,23,29,
2020-05-25,9,22,33,35,42,
2020-05-26,4,8,11,17,35,
2020-05-27,13,22,29,31,33,
2020-05-28,2,11,19,20,32,
2020-05-29,5,19,28,29,42,
2020-05-30,10,27,29,34,35,
2020-05-31,10,18,19,28,30,
2020-06-01,6,9,16,34,36,
2020-06-02,5,16,20,38,39,
2020-06-03,7,19,21,32,38,
2020-06-04,10,23,24,28,30,
2020-06-05,5,17,24,27,41,
2020-06-06,2,5,24,34,41,
2020-06-07,22,27,29,34,39,
2020-06-08,18,19,20,29,38,
2020-06-09,9,18,23,34,39,
2020-06-10,7,8,20,37,39,
2020-06-11,14,29,32,35,42,
2020-06-12,8,12,27,38,39,
2020-06-13,4,5,23,30,34,
2020-06-14,5,10,16,36,37,
2020-06-15,1,8,23,25,38,
2020-06-16,4,15,20,32,36,
2020-06-17,11,18,25,36,39,
2020-06-18,9,19,26,35,41,
2020-06-19,10,27,28,29,39,
2020-06-20,2,7,12,15,26,
2020-06-21,5,11,22,24,26,
2020-06-22,9,19,20,25,30,
2020-06-23,2,6,12,22,31,
2020-06-24,4,24,28,33,42,
2020-06-25,3,9,14,19,36,
2020-06-26,28,32,35,37,38,
2020-06-27,1,3,9,21,24,
2020-06-28,2,5,9,20,41,
2020-06-29,5,10,13,20,36,
2020-06-30,14,16,28,30,37,
2020-07-01,4,5,6,10,37,
2020-07-02,7,8,11,27,36,
2020-07-03,4,6,13,26,40,
2020-07-04,10,25,30,37,41,
2020-07-05,2,8,9,10,11,
2020-07-06,21,23,28,32,39,
2020-07-07,14,21,22,28,36,
2020-07-08,1,8,14,22,25,
2020-07-09,1,10,24,34,40,
2020-07-10,17,19,22,34,40,
2020-07-11,5,13,22,36,37,
2020-07-12,7,8,23,33,42,
2020-07-13,7,17,22,41,42,
2020-07-14,1,15,20,21,33,
2020-07-15,12,23,27,33,41,
2020-07-16,7,12,21,27,30,
2020-07-17,6,14,21,38,41,
2020-07-18,7,17,21,33,34,
2020-07-19,6,7,12,22,29,
2020-07-20,4,5,15,18,24,
2020-07-21,4,6,21,23,25,
2020-07-22,2,5,14,23,28,
2020-07-23,5,7,12,35,38,
2020-07-24,1,17,27,30,32,
2020-07-25,5,8,15,16,37,
2020-07-26,8,13,30,33,42,
2020-07-27,1,5,7,16,41,
2020-07-28,5,10,11,18,38,
2020-07-29,5,7,10,12,32,
2020-07-30,13,14,19,24,42,
2020-07-31,11,13,17,18,32,
2020-08-01,5,8,9,12,28,
2020-08-02,2,33,34,37,40,
2020-08-03,18,24,34,36,42,
2020-08-04,6,18,31,33,35,
2020-08-05,3,10,19,33,38,
2020-08-06,1,6,8,25,27,
2020-08-07,18,21,25,26,40,
2020-08-08,14,20,26,35,41,
2020-08-09,4,5,12,27,41,
2020-08-10,9,22,25,27,31,
2020-08-11,2,4,23,31,39,
2020-08-12,2,5,11,14,23,
2020-08-13,20,24,27,33,40,
2020-08-14,2,4,6,18,40,
2020-08-15,8,10,23,27,40,
2020-08-16,5,11,28,29,36,
2020-08-17,4,17,21,29,37,
2020-08-18,7,14,28,34,38,
2020-08-19,6,12,26,28,34,
2020-08-20,6,16,20,28,36,
2020-08-21,11,13,30,37,40,
2020-08-22,9,15,22,32,35,
2020-08-23,7,12,24,35,42,
2020-08-24,1,2,19,26,28,
2020-08-25,11,16,31,32,34,
2020-08-26,8,9,21,28,29,
2020-08-27,8,31,32,40,41,
2020-08-28,1,7,9,31,34,
2020-08-29,4,18,26,31,33,
2020-08-30,5,14,18,30,41,
2020-08-31,1,10,23,26,36,
2020-09-01,21,23,25,37,39,
2020-09-02,1,2,21,28,40,
2020-09-03,9,26,29,34,41,
2020-09-04,10,15,21,27,33,
2020-09-05,3,11,28,34,38,
2020-09-06,4,8,9,16,40,
2020-09-07,4,9,14,15,34,
2020-09-08,3,9,31,34,38,
2020-09-09,7,13,36,39,41,
2020-09-10,3,22,29,33,36,
2020-09-11,10,16,26,32,36,
2020-09-12,4,18,19,38,40,
2020-09-13,1,6,9,10,37,
2020-09-14,14,17,23,29,31,
2020-09-15,24,28,31,36,40,
2020-09-16,6,11,28,36,42,
2020-09-17,7,18,28,32,42,
2020-09-18,6,7,14,19,39,
2020-09-19,3,16,22,23,42,
2020-09-20,13,23,26,32,38,
2020-09-21,16,20,22,33,36,
2020-09-22,2,3,13,23,34,
2020-09-23,2,35,36,39,42,
2020-09-24,5,7,9,15,37,
2020-09-25,20,23,25,31,42,
2020-09-26,2,8,15,39,41,
2020-09-27,4,5,6,22,30,
2020-09-28,4,5,7,14,41,
2020-09-29,5,30,32,38,41,
2020-09-30,5,6,12,16,17,
2020-10-01,8,9,14,18,30,
2020-10-02,1,7,22,25,29,
2020-10-03,7,8,9,10,30,
2020-10-04,3,5,10,37,41,
2020-10-05,7,10,14,22,41,
2020-10-06,2,8,16,17,31,
2020-10-07,5,21,23,27,28,
2020-10-08,5,15,21,35,37,
2020-10-09,5,19,20,27,33,
2020-10-10,1,6,17,19,40,
2020-10-11,9,23,34,35,39,
2020-10-12,9,13,14,26,37,
2020-10-13,15,21,26,30,32,
2020-10-14,2,20,21,25,38,
2020-10-15,6,24,26,30,32,
2020-10-16,1,4,9,12,32,
2020-10-17,27,30,35,36,41,
2020-10-18,20,26,29,37,41,
2020-10-19,2,6,9,10,22,
2020-10-20,26,27,29,40,42,
2020-10-21,4,6,22,28,36,
2020-10-22,4,10,20,38,41,
2020-10-23,2,4,16,32,39,
2020-10-24,9,12,13,25,40,
2020-10-25,4,19,30,31,40,
2020-10-26,1,3,31,39,40,
2020-10-27,22,25,29,32,41,
2020-10-28,2,9,12,29,34,
2020-10-29,2,3,10,15,32,
2020-10-30,21,22,32,33,34,
2020-10-31,3,15,21,29,33,
2020-11-01,14,18,31,32,42,
2020-11-02,11,14,22,28,34,
2020-11-03,10,14,22,26,27,
2020-11-04,8,21,23,32,38,
2020-11-05,8,12,20,29,34,
2020-11-06,9,11,14,35,41,
2020-11-07,30,32,35,36,42,
2020-11-08,4,9,20,25,32,
2020-11-09,2,3,9,25,38,
2020-11-10,2,6,14,16,41,
2020-11-11,9,19,20,31,38,
2020-11-12,10,12,19,31,37,
2020-11-13,12,22,25,31,37,
2020-11-14,3,5,10,24,26,
2020-11-15,5,24,25,30,40,
2020-11-16,3,5,7,11,28,
2020-11-17,2,10,16,33,38,
2020-11-18,4,20,21,31,33,
2020-11-19,2,21,23,29,38,
2020-11-20,8,24,31,32,41,
2020-11-21,16,18,28,33,39,
2020-11-22,7,17,25,27,41,
2020-11-23,1,7,11,22,39,
2020-11-24,9,14,25,29,35,
2020-11-25,9,20,25,30,34,
2020-11-26,2,3,14,25,34,
2020-11-27,12,14,15,23,28,
2020-11-28,7,11,18,27,28,
2020-11-29,13,23,27,28,42,
2020-11-30,3,6,11,21,34,
2020-12-01,2,19,20,21,35,
2020-12-02,4,20,25,36,37,
2020-12-03,5,8,15,20,36,
2020-12-04,8,23,31,38,40,
2020-12-05,6,16,34,35,42,
2020-12-06,6,14,27,35,42,
2020-12-07,6,29,35,38,40,
2020-12-08,6,7,21,26,37,
2020-12-09,8,18,23,29,36,
2020-12-10,6,8,11,26,27,
2020-12-11,9,14,19,22,37,
2020-12-12,1,9,12,15,22,
2020-12-13,2,18,33,37,38,
2020-12-14,4,8,9,23,29,
2020-12-15,2,6,21,36,37,
2020-12-16,4,13,22,23,38,
2020-12-17,10,25,30,37,41,
2020-12-18,1,16,29,30,40,
2020-12-19,2,13,21,23,35,
2020-12-20,3,28,30,40,41,
2020-12-21,9,12,25,29,38,
2020-12-22,2,9,15,31,38,
2020-12-23,7,8,20,23,29,
2020-12-24,13,16,27,36,37,
2020-12-25,9,26,27,38,41,
2020-12-26,9,18,24,29,33,
2020-12-27,2,16,22,23,30,
2020-12-28,8,16,27,29,40,
2020-12-29,10,15,24,32,39,
2020-12-30,13,16,29,36,41,
2020-12-31,8,12,27,28,41,
2021-01-01,8,11,13,27,38,
2021-01-02,2,23,29,33,34,
2021-01-03,8,10,23,31,34,
2021-01-04,9,13,26,32,41,
2021-01-05,3,5,10,18,30,
2021-01-06,3,4,13,24,42,
2021-01-07,19,29,38,39,42,
2021-01-08,20,24,27,29,41,
2021-01-09,2,10,22,28,41,
2021-01-10,3,5,13,27,34,
2021-01-11,17,26,27,28,41,
2021-01-12,8,10,16,22,33,
2021-01-13,9,22,27,34,36,
2021-01-14,1,3,20,25,40,
2021-01-15,7,10,15,18,39,
2021-01-16,4,5,13,19,25,
2021-01-17,13,14,15,24,42,
2021-01-18,5,14,17,38,40,
2021-01-19,5,13,21,30,36,
2021-01-20,5,9,23,27,39,
2021-01-21,7,14,33,38,40,
2021-01-22,4,22,24,25,32,
2021-01-23,2,5,11,18,23,
2021-01-24,11,25,30,32,42,
2021-01-25,1,4,11,13,28,
2021-01-26,7,18,29,31,38,
2021-01-27,3,14,17,30,38,
2021-01-28,1,6,9,16,32,
2021-01-29,4,8,17,35,42,
2021-01-30,7,10,18,29,36,
2021-01-31,5,6,7,23,42,
2021-02-01,2,13,23,28,41,
2021-02-02,17,18,30,36,39,
2021-02-03,5,12,15,21,29,
2021-02-04,7,11,13,15,27,
2021-02-05,4,11,30,31,33,
2021-02-06,2,18,28,33,39,
2021-02-07,11,22,23,27,39,
2021-02-08,14,16,18,30,36,
2021-02-09,9,21,25,26,34,
2021-02-10,6,7,10,14,32,
2021-02-11,10,14,16,19,35,
2021-02-12,6,9,15,29,30,
2021-02-13,4,21,28,37,40,
2021-02-14,7,9,14,19,25,
2021-02-15,4,20,29,30,37,
2021-02-16,14,17,23,36,42,
2021-02-17,19,21,30,36,41,
2021-02-18,4,11,22,29,39,
2021-02-19,5,14,21,30,31,
2021-02-20,17,25,31,36,38,
2021-02-21,5,12,19,30,35,
2021-02-22,16,22,29,30,39,
2021-02-23,6,16,24,38,42,
2021-02-24,5,13,30,36,37,
2021-02-25,9,14,22,27,41,
2021-02-26,9,18,19,23,30,
2021-02-27,18,25,31,36,41,
2021-02-28,1,14,15,28,29,
2021-03-01,5,12,28,34,38,
2021-03-02,14,29,33,39,42,
2021-03-03,1,19,27,31,40,
2021-03-04,2,26,28,30,38,
2021-03-05,4,11,14,26,35,
2021-03-06,2,3,25,26,27,
2021-03-07,29,35,36,38,39,
2021-03-08,2,6,10,11,17,
2021-03-09,3,16,17,29,38,
2021-03-10,7,14,15,16,40,
2021-03-11,11,23,27,29,39,
2021-03-12,10,13,25,26,35,
2021-03-13,11,21,29,34,35,
2021-03-14,10,13,14,18,41,
2021-03-15,2,9,15,21,32,
2021-03-16,11,13,16,19,25,
2021-03-17,4,9,17,27,39,
2021-03-18,21,24,28,31,39,
2021-03-19,14,21,27,29,34,
2021-03-20,8,13,16,18,21,
2021-03-21,5,6,16,22,24,
2021-03-22,17,27,30,32,36,
2021-03-23,9,16,19,39,42,
2021-03-24,10,24,26,37,40,
2021-03-25,13,14,15,16,29,
2021-03-26,3,9,11,20,21,
2021-03-27,8,17,28,37,38,
2021-03-28,12,21,23,31,34,
2021-03-29,14,26,34,38,42,
2021-03-30,4,22,28,32,35,
2021-03-31,6,16,19,39,42,
2021-04-01,4,8,29,30,42,
2021-04-02,2,8,10,32,34,
2021-04-03,1,3,4,30,36,
2021-04-04,6,17,24,27,31,
2021-04-05,9,14,29,33,36,
2021-04-06,5,10,13,19,38,
2021-04-07,10,13,15,18,34,
2021-04-08,17,21,35,38,42,
2021-04-09,11,18,19,22,31,
2021-04-10,2,13,25,29,31,
2021-04-11,4,6,19,26,29,
2021-04-12,22,25,28,29,30,
2021-04-13,8,17,21,24,25,
2021-04-14,7,37,38,40,42,
2021-04-15,1,6,10,28,38,
2021-04-16,1,15,19,28,29,
2021-04-17,10,16,25,37,40,
2021-04-18,6,7,24,29,35,
2021-04-19,4,6,21,32,41,
2021-04-20,4,9,16,21,36,
2021-04-21,12,20,27,30,32,
2021-04-22,6,13,27,29,32,
2021-04-23,16,17,21,23,31,
2021-04-24,2,29,34,38,40,
2021-04-25,7,23,32,34,36,
2021-04-26,2,11,14,15,25,
2021-04-27,16,27,33,34,35,
2021-04-28,9,15,21,24,35,
2021-04-29,4,35,36,40,42,
2021-04-30,2,7,31,36,40,
2021-05-01,3,6,14,21,39,
2021-05-02,10,17,19,28,31,
2021-05-03,2,8,29,34,38,
2021-05-04,8,21,32,36,41,
2021-05-05,1,7,10,15,35,
2021-05-06,9,10,17,24,28,
2021-05-07,11,12,16,17,32,
2021-05-08,9,22,36,39,42,
2021-05-09,2,4,28,35,42,
2021-05-10,11,14,20,36,39,
2021-05-11,3,4,13,19,36,
2021-05-12,9,17,33,36,41,
2021-05-13,1,7,26,34,40,
2021-05-14,4,11,12,33,34,
2021-05-15,2,15,25,26,41,
2021-05-16,1,11,12,13,28,
2021-05-17,1,14,15,22,35,
2021-05-18,11,29,32,36,37,
2021-05-19,13,19,35,37,41,
2021-05-20,11,14,17,28,33,
2021-05-21,7,11,22,31,33,
2021-05-22,6,9,14,33,35,
2021-05-23,2,16,17,24,32,
2021-05-24,17,30,31,40,42,
2021-05-25,3,17,19,21,27,
2021-05-26,22,23,28,38,42,
2021-05-27,6,17,29,31,32,
2021-05-28,3,13,32,37,40,
2021-05-29,7,10,19,37,38,
2021-05-30,3,10,19,25,32,
2021-05-31,17,20,22,25,37,
2021-06-01,7,11,23,25,38,
2021-06-02,19,31,34,36,42,
2021-06-03,13,22,27,33,41,
2021-06-04,2,10,20,24,25,
2021-06-05,11,12,14,23,39,
2021-06-06,8,9,22,24,28,
2021-06-07,2,3,4,17,31,
2021-06-08,3,4,9,13,36,
2021-06-09,4,13,16,26,37,
2021-06-10,7,9,28,35,36,
2021-06-11,5,15,18,32,33,
2021-06-12,4,12,19,34,42,
2021-06-13,3,8,10,25,40,
2021-06-14,3,15,24,25,26,
2021-06-15,18,20,21,23,34,
2021-06-16,5,11,23,30,34,
2021-06-17,3,20,33,37,40,
2021-06-18,13,18,19,20,39,
2021-06-19,11,13,29,37,39,
2021-06-20,1,13,25,32,40,
2021-06-21,10,18,21,36,39,
2021-06-22,4,16,22,24,42,
2021-06-23,4,11,21,27,32,
2021-06-24,7,12,15,34,38,
2021-06-25,19,28,35,36,42,
2021-06-26,2,3,31,33,40,
2021-06-27,1,8,13,17,38,
2021-06-28,8,11,20,33,41,
2021-06-29,11,27,30,34,41,
2021-06-30,3,16,21,31,33,
2021-07-01,8,10,13,20,36,
2021-07-02,5,9,10,11,28,
2021-07-03,2,5,9,26,35,
2021-07-04,1,11,14,20,34,
2021-07-05,3,15,26,27,31,
2021-07-06,13,14,17,25,38,
2021-07-07,8,14,22,27,42,
2021-07-08,14,19,26,37,41,
2021-07-09,19,23,26,34,39,
2021-07-10,1,13,27,37,40,
2021-07-11,5,30,32,34,38,
2021-07-12,3,8,12,13,38,
2021-07-13,18,24,37,41,42,
2021-07-14,13,25,26,33,38,
2021-07-15,9,14,22,25,27,
2021-07-16,11,24,36,38,39,
2021-07-17,4,10,12,24,40,
2021-07-18,6,8,14,25,31,
2021-07-19,2,3,11,36,40,
2021-07-20,1,3,6,13,31,
2021-07-21,2,30,38,39,41,
2021-07-22,3,5,11,12,35,
2021-07-23,4,11,30,34,35,
2021-07-24,6,9,17,29,35,
2021-07-25,18,27,28,31,36,
2021-07-26,3,4,12,34,41,
2021-07-27,9,25,33,36,41,
2021-07-28,11,17,18,27,38,
2021-07-29,3,9,23,34,41,
2021-07-30,9,18,21,26,40,
2021-07-31,3,13,17,26,39,
2021-08-01,2,16,17,20,39,
2021-08-02,6,7,10,11,35,
2021-08-03,2,17,23,34,36,
2021-08-04,10,12,13,24,29,
2021-08-05,3,11,18,27,33,
2021-08-06,4,6,30,33,37,
2021-08-07,5,8,16,26,31,
2021-08-08,3,7,15,19,38,
2021-08-09,3,4,18,33,34,
2021-08-10,6,12,14,15,30,
2021-08-11,13,15,23,29,39,
2021-08-12,21,22,27,33,40,
2021-08-13,5,18,19,34,38,
2021-08-14,9,15,23,27,34,
2021-08-15,19,23,24,30,33,
2021-08-16,13,22,23,34,35,
2021-08-17,4,16,26,28,30,
2021-08-18,12,16,17,29,32,
2021-08-19,13,14,19,31,40,
2021-08-20,5,11,13,14,15,
2021-08-21,22,23,24,27,28,
2021-08-22,4,20,25,28,41,
2021-08-23,8,9,28,40,42,
2021-08-24,3,7,8,27,33,
2021-08-25,2,14,23,24,38,
2021-08-26,13,25,26,32,34,
2021-08-27,8,16,20,26,35,
2021-08-28,4,5,12,16,33,
2021-08-29,13,24,28,30,38,
2021-08-30,21,22,25,28,42,
2021-08-31,15,17,22,27,37,
2021-09-01,1,8,15,29,31,
2021-09-02,2,3,15,24,27,
2021-09-03,1,2,14,17,41,
2021-09-04,4,13,16,17,40,
2021-09-05,5,7,9,29,31,
2021-09-06,8,13,24,26,39,
2021-09-07,3,25,29,35,37,
2021-09-08,6,8,9,15,28,
2021-09-09,1,10,15,36,41,
2021-09-10,19,23,24,36,40,
2021-09-11,6,7,20,34,37,
2021-09-12,2,13,26,36,41,
2021-09-13,4,30,31,36,41,
2021-09-14,6,14,16,24,28,
2021-09-15,11,26,29,31,39,
2021-09-16,4,12,27,32,36,
2021-09-17,19,22,25,38,42,
2021-09-18,17,33,34,41,42,
2021-09-19,15,21,24,38,40,
2021-09-20,7,10,16,28,37,
2021-09-21,2,15,16,18,25,
2021-09-22,16,26,29,40,42,
2021-09-23,6,25,28,29,40,
2021-09-24,4,5,14,28,37,
2021-09-25,2,24,30,32,37,
2021-09-26,7,12,31,32,41,
2021-09-27,6,12,28,32,41,
2021-09-28,9,11,19,37,38,
2021-09-29,8,16,27,34,35,
2021-09-30,2,7,9,15,19,
2021-10-01,1,10,17,34,41,
2021-10-02,5,12,20,25,40,
2021-10-03,21,27,28,36,38,
2021-10-04,16,24,27,30,37,
2021-10-05,1,10,12,24,27,
2021-10-06,8,21,26,28,41,
2021-10-07,10,11,18,19,38,
2021-10-08,1,8,16,25,41,
2021-10-09,6,9,18,27,34,
2021-10-10,4,8,12,26,27,
2021-10-11,4,25,31,34,41,
2021-10-12,2,9,17,32,35,
2021-10-13,2,5,13,33,35,
2021-10-14,1,10,16,25,26,
2021-10-15,15,23,33,40,41,
2021-10-16,12,14,26,35,42,
2021-10-17,1,8,14,23,28,
2021-10-18,22,25,26,34,42,
2021-10-19,1,14,32,38,41,
2021-10-20,3,24,26,29,39,
2021-10-21,14,20,33,34,35,
2021-10-22,10,13,16,34,35,
2021-10-23,4,13,30,38,41,
2021-10-24,1,3,6,16,17,
2021-10-25,12,13,29,39,41,
2021-10-26,1,6,9,14,20,
2021-10-27,14,17,22,35,36,
2021-10-28,11,14,19,23,25,
2021-10-29,11,22,24,26,39,
2021-10-30,1,8,17,18,28,
2021-10-31,1,15,21,29,35,
2021-11-01,12,18,19,20,36,
2021-11-02,2,7,28,38,40,
2021-11-03,5,6,15,16,23,
2021-11-04,3,11,19,26,35,
2021-11-05,8,13,15,30,37,
2021-11-06,5,16,19,33,34,
2021-11-07,26,28,29,32,37,
2021-11-08,4,7,11,16,21,
2021-11-09,2,21,23,26,33,
2021-11-10,4,8,12,15,42,
2021-11-11,17,20,28,30,31,
2021-11-12,8,16,18,20,36,
2021-11-13,8,10,17,24,25,
2021-11-14,8,11,20,35,41,
2021-11-15,6,14,18,20,35,
2021-11-16,5,12,15,20,27,
2021-11-17,6,20,31,33,40,
2021-11-18,10,21,27,28,31,
2021-11-19,23,27,32,37,42,
2021-11-20,13,17,19,38,39,
2021-11-21,14,17,27,30,39,
2021-11-22,1,13,18,23,37,
2021-11-23,1,2,16,19,41,
2021-11-24,20,29,34,35,41,
2021-11-25,3,4,25,31,32,
2021-11-26,8,9,12,19,38,
2021-11-27,3,13,20,23,38,
2021-11-28,10,18,20,29,32,
2021-11-29,16,21,29,30,41,
2021-11-30,4,11,16,36,40,
2021-12-01,3,15,23,26,29,
2021-12-02,2,22,29,30,33,
2021-12-03,4,27,28,31,35,
2021-12-04,7,13,26,36,39,
2021-12-05,4,14,15,25,39,
2021-12-06,1,6,28,29,33,
2021-12-07,3,7,21,30,34,
2021-12-08,6,10,12,26,31,
2021-12-09,4,5,7,19,35,
2021-12-10,1,15,21,32,33,
2021-12-11,20,21,23,29,35,
2021-12-12,7,16,27,37,42,
2021-12-13,2,3,8,30,32,
2021-12-14,14,17,27,29,37,
2021-12-15,4,11,23,25,31,
2021-12-16,22,31,35,39,42,
2021-12-17,3,7,25,33,35,
2021-12-18,9,19,35,40,41,
2021-12-19,7,11,19,24,29,
2021-12-20,7,9,22,31,39,
2021-12-21,22,35,37,38,41,
2021-12-22,5,7,13,20,32,
2021-12-23,1,7,12,18,19,
2021-12-24,9,14,15,32,36,
2021-12-25,3,5,16,20,29,
2021-12-26,1,5,12,18,22,
2021-12-27,11,18,22,36,38,
2021-12-28,1,4,7,15,32,
2021-12-29,11,22,25,27,31,
2021-12-30,6,10,15,30,33,
2021-12-31,19,29,30,31,40,
2022-01-01,2,8,11,25,26,
2022-01-02,2,13,21,36,38,
2022-01-03,3,15,24,34,36,
2022-01-04,8,9,31,35,41,
2022-01-05,5,6,24,27,35,
2022-01-06,5,7,32,35,41,
2022-01-07,11,17,21,34,36,
2022-01-08,9,12,30,34,36,
2022-01-09,21,27,31,32,33,
2022-01-10,6,14,17,20,37,
2022-01-11,5,21,31,34,37,
2022-01-12,6,15,18,28,35,
2022-01-13,11,23,28,29,36,
2022-01-14,7,16,30,33,37,
2022-01-15,14,28,30,34,37,
2022-01-16,12,25,29,38,39,
2022-01-17,1,15,33,38,39,
2022-01-18,13,22,29,34,37,
2022-01-19,13,22,32,36,37,
2022-01-20,4,5,13,24,28,
2022-01-21,3,13,19,34,36,
2022-01-22,14,19,24,35,38,
2022-01-23,13,17,18,26,38,
2022-01-24,7,14,23,35,36,
2022-01-25,7,14,16,21,38,
2022-01-26,14,16,20,21,40,
2022-01-27,4,9,12,17,31,
2022-01-28,9,11,19,29,31,
2022-01-29,7,12,33,41,42,
2022-01-30,9,10,14,18,42,
2022-01-31,10,12,24,26,29,
2022-02-01,12,14,24,33,38,
2022-02-02,2,18,26,29,31,
2022-02-03,14,17,21,41,42,
2022-02-04,14,30,39,40,41,
2022-02-05,4,22,27,30,40,
2022-02-06,6,20,30,41,42,
2022-02-07,1,3,21,24,40,
2022-02-08,4,10,20,23,27,
2022-02-09,7,9,11,12,39,
2022-02-10,2,4,18,38,41,
2022-02-11,2,7,9,22,35,
2022-02-12,5,12,18,31,42,
2022-02-13,1,2,9,39,42,
2022-02-14,11,17,23,29,30,
2022-02-15,5,18,19,27,28,
2022-02-16,5,9,27,34,35,
2022-02-17,3,6,7,8,22,
2022-02-18,7,14,27,33,39,
2022-02-19,7,8,13,24,39,
2022-02-20,4,7,33,35,42,
2022-02-21,6,18,29,31,36,
2022-02-22,2,15,22,25,33,
2022-02-23,8,18,23,24,32,
2022-02-24,10,20,28,30,32,
2022-02-25,2,10,19,31,38,
2022-02-26,13,14,23,25,29,
2022-02-27,5,11,17,29,31,
2022-02-28,2,13,22,33,36,
2022-03-01,7,8,13,24,38,
2022-03-02,2,5,7,8,32,
2022-03-03,1,4,23,36,41,
2022-03-04,4,17,21,23,42,
2022-03-05,6,23,30,34,40,
2022-03-06,3,4,7,32,42,
2022-03-07,13,19,23,25,37,
2022-03-08,6,9,10,29,31,
2022-03-09,15,29,32,33,42,
2022-03-10,2,10,30,37,40,
2022-03-11,4,14,15,22,24,
2022-03-12,1,20,25,30,38,
2022-03-13,2,22,35,36,38,
2022-03-14,2,19,20,35,37,
2022-03-15,19,25,28,29,41,
2022-03-16,4,6,21,30,37,
2022-03-17,9,22,23,35,38,
2022-03-18,6,7,12,20,23,
2022-03-19,19,23,24,30,42,
2022-03-20,13,16,33,37,39,
2022-03-21,15,20,30,33,40,
2022-03-22,13,20,24,31,33,
2022-03-23,15,25,29,34,37,
2022-03-24,2,4,14,23,37,
2022-03-25,11,12,16,29,31,
2022-03-26,19,30,34,38,41,
2022-03-27,6,16,34,35,37,
2022-03-28,19,21,24,33,34,
2022-03-29,3,7,21,31,40,
2022-03-30,10,20,22,28,35,
2022-03-31,6,8,17,32,39,
2022-04-01,9,15,25,35,36,
2022-04-02,3,7,12,20,37,
2022-04-03,2,17,19,38,40,
2022-04-04,6,13,14,36,40,
2022-04-05,4,10,29,31,42,
2022-04-06,1,15,24,25,41,
2022-04-07,2,5,25,28,32,
2022-04-08,2,4,7,9,29,
2022-04-09,3,7,13,25,41,
2022-04-10,12,13,19,21,29,
2022-04-11,6,17,19,25,26,
2022-04-12,20,26,33,38,42,
2022-04-13,3,4,8,33,38,
2022-04-14,6,16,19,30,35,
2022-04-15,8,13,20,33,38,
2022-04-16,2,5,6,13,14,
2022-04-17,1,25,28,31,41,
2022-04-18,13,14,15,24,40,
2022-04-19,1,9,21,27,30,
2022-04-20,6,18,23,32,34,
2022-04-21,3,10,34,37,38,
2022-04-22,6,26,35,36,42,
2022-04-23,2,18,22,28,36,
2022-04-24,10,23,24,37,39,
2022-04-25,9,10,17,36,37,
2022-04-26,2,10,21,37,40,
2022-04-27,15,18,19,28,33,
2022-04-28,3,16,29,34,37,
2022-04-29,3,5,16,25,32,
2022-04-30,1,24,28,37,40,
2022-05-01,2,9,15,35,39,
2022-05-02,12,16,25,36,39,
2022-05-03,10,12,14,16,41,
2022-05-04,8,9,14,24,33,
2022-05-05,11,15,19,27,28,
2022-05-06,1,13,23,34,40,
2022-05-07,2,6,29,37,39,
2022-05-08,6,26,29,34,38,
2022-05-09,9,23,31,32,37,
2022-05-10,2,11,19,21,29,
2022-05-11,12,20,22,23,33,
2022-05-12,3,10,17,27,28,
2022-05-13,3,29,30,36,38,
2022-05-14,7,19,28,33,37,
2022-05-15,3,6,11,29,41,
2022-05-16,2,4,30,35,36,
2022-05-17,7,15,24,26,31,
2022-05-18,10,17,18,25,37,
2022-05-19,11,15,28,32,42,
2022-05-20,9,24,31,33,35,
2022-05-21,4,19,25,32,34,
2022-05-22,1,9,28,35,40,
2022-05-23,10,11,18,31,42,
2022-05-24,11,15,17,32,35,
2022-05-25,16,17,19,36,39,
2022-05-26,8,11,22,24,40,
2022-05-27,3,12,13,24,27,
2022-05-28,7,11,15,19,27,
2022-05-29,17,21,29,31,39,
2022-05-30,3,16,26,32,37,
2022-05-31,3,23,28,32,42,
2022-06-01,4,9,19,32,36,
2022-06-02,4,5,20,25,36,
2022-06-03,8,23,25,27,33,
2022-06-04,15,17,28,38,39,
2022-06-05,3,11,12,22,42,
2022-06-06,2,14,15,18,37,
2022-06-07,11,13,24,29,39,
2022-06-08,7,9,22,34,37,
2022-06-09,4,18,34,36,41,
2022-06-10,8,10,16,33,42,
2022-06-11,10,17,25,30,34,
2022-06-12,6,20,29,31,40,
2022-06-13,8,9,16,17,19,
2022-06-14,7,8,13,17,27,
2022-06-15,18,20,33,39,42,
2022-06-16,10,15,37,38,42,
2022-06-17,2,5,9,10,23,
2022-06-18,5,19,25,34,39,
2022-06-19,5,21,25,35,41,
2022-06-20,3,4,11,19,39,
2022-06-21,8,13,17,25,32,
2022-06-22,6,11,20,36,41,
2022-06-23,14,27,35,41,42,
2022-06-24,2,5,7,20,22,
2022-06-25,14,16,23,27,32,
2022-06-26,9,23,27,35,38,
2022-06-27,2,10,11,19,42,
2022-06-28,4,5,16,23,36,
2022-06-29,17,22,23,27,39,
2022-06-30,1,12,31,37,38,
2022-07-01,3,13,27,33,40,
2022-07-02,7,9,12,14,22,
2022-07-03,16,17,20,29,35,
2022-07-04,2,26,32,36,38,
2022-07-05,5,20,25,27,39,
2022-07-06,4,19,23,32,40,
2022-07-07,12,18,26,34,39,
2022-07-08,1,11,23,39,41,
2022-07-09,17,27,32,39,40,
2022-07-10,20,25,26,29,41,
2022-07-11,1,11,25,26,39,
2022-07-12,2,15,25,36,39,
2022-07-13,16,23,31,33,42,
2022-07-14,15,25,31,34,40,
2022-07-15,4,18,21,37,39,
2022-07-16,1,3,4,26,28,
2022-07-17,3,8,15,21,24,
2022-07-18,8,13,15,17,37,
2022-07-19,9,19,34,37,38,
2022-07-20,10,19,25,28,29,
2022-07-21,14,20,23,30,34,
2022-07-22,5,10,24,28,37,
2022-07-23,3,13,18,25,27,
2022-07-24,15,17,21,23,24,
2022-07-25,13,19,32,35,41,
2022-07-26,8,15,19,21,31,
2022-07-27,3,7,8,21,34,
2022-07-28,16,23,26,31,36,
2022-07-29,13,22,27,28,37,
2022-07-30,4,11,16,18,23,
2022-07-31,7,13,18,19,38,
2022-08-01,4,10,12,26,33,
2022-08-02,15,26,30,39,41,
2022-08-03,14,17,18,24,25,
2022-08-04,2,8,11,13,19,
2022-08-05,11,25,30,36,38,
2022-08-06,3,21,27,37,38,
2022-08-07,9,11,12,22,25,
2022-08-08,7,11,23,32,35,
2022-08-09,3,9,22,28,31,
2022-08-10,1,13,23,25,29,
2022-08-11,7,20,21,22,34,
2022-08-12,3,8,16,17,32,
2022-08-13,11,18,26,30,39,
2022-08-14,1,19,22,32,33,
2022-08-15,2,4,5,30,37,
2022-08-16,25,28,32,37,38,
2022-08-17,4,15,31,36,37,
2022-08-18,12,16,24,31,37,
2022-08-19,1,4,28,36,40,
2022-08-20,3,4,10,37,42,
2022-08-21,8,16,23,39,41,
2022-08-22,13,24,29,34,38,
2022-08-23,1,6,25,39,42,
2022-08-24,4,6,27,33,42,
2022-08-25,3,17,19,23,30,
2022-08-26,11,28,35,37,40,
2022-08-27,12,20,22,31,42,
2022-08-28,15,24,35,36,40,
2022-08-29,12,15,33,34,42,
2022-08-30,1,5,17,18,39,
2022-08-31,4,19,23,28,42,
2022-09-01,11,13,20,23,39,
2022-09-02,7,14,25,35,42,
2022-09-03,12,13,22,30,32,
2022-09-04,14,20,22,33,39,
2022-09-05,2,10,17,33,39,
2022-09-06,5,14,27,28,40,
2022-09-07,1,3,4,20,29,
2022-09-08,14,19,22,38,39,
2022-09-09,8,12,15,34,42,
2022-09-10,6,9,32,35,42,
2022-09-11,4,5,27,28,30,
2022-09-12,1,2,3,14,35,
2022-09-13,9,19,33,38,39,
2022-09-14,4,6,8,14,15,
2022-09-15,16,17,27,30,40,
2022-09-16,5,15,17,22,38,
2022-09-17,3,6,11,21,33,
2022-09-18,1,6,18,28,36,
2022-09-19,6,10,16,36,39,
2022-09-20,11,14,17,32,41,
2022-09-21,1,6,17,21,35,
2022-09-22,2,22,26,27,41,
2022-09-23,2,11,12,17,24,
2022-09-24,3,6,8,20,35,
2022-09-25,9,16,18,29,35,
2022-09-26,8,10,28,32,33,
2022-09-27,7,8,24,29,37,
2022-09-28,15,19,30,32,38,
2022-09-29,2,8,26,27,40,
2022-09-30,11,12,15,20,25,
2022-10-01,6,14,17,32,41,
2022-10-02,5,8,18,22,38,
2022-10-03,1,9,37,39,41,
2022-10-04,4,13,22,28,36,
2022-10-05,15,22,23,32,41,
2022-10-06,7,8,31,39,40,
2022-10-07,18,33,35,37,41,
2022-10-08,11,16,34,36,39,
2022-10-09,2,10,11,33,38,
2022-10-10,13,23,24,33,40,
2022-10-11,2,10,23,29,33,
2022-10-12,4,25,31,33,38,
2022-10-13,6,12,25,26,37,
2022-10-14,5,14,17,30,38,
2022-10-15,3,15,23,28,33,
2022-10-16,14,24,34,35,42,
2022-10-17,1,21,24,29,39,
2022-10-18,2,5,19,27,42,
2022-10-19,1,16,19,25,33,
2022-10-20,10,13,23,35,36,
2022-10-21,2,5,10,12,16,
2022-10-22,3,4,7,23,37,
2022-10-23,7,16,26,35,38,
2022-10-24,4,8,20,26,27,
2022-10-25,3,6,18,24,27,
2022-10-26,10,15,22,30,33,
2022-10-27,8,9,17,22,26,
2022-10-28,4,9,20,33,35,
2022-10-29,2,5,10,25,40,
2022-10-30,7,18,20,28,41,
2022-10-31,1,8,11,15,34,
2022-11-01,15,21,26,39,42,
2022-11-02,1,8,11,18,21,
2022-11-03,18,29,30,35,41,
2022-11-04,13,32,33,39,40,
2022-11-05,3,12,16,30,34,
2022-11-06,1,8,11,23,37,
2022-11-07,11,14,23,25,41,
2022-11-08,8,15,21,31,34,
2022-11-09,16,21,28,29,30,
2022-11-10,6,18,20,30,37,
2022-11-11,3,11,16,28,33,
2022-11-12,19,25,34,35,41,
2022-11-13,7,13,23,25,37,
2022-11-14,7,12,22,38,39,
2022-11-15,4,8,13,24,36,
2022-11-16,4,8,29,35,40,
2022-11-17,12,13,14,37,41,
2022-11-18,21,23,27,33,37,
2022-11-19,9,10,18,33,40,
2022-11-20,6,16,24,34,39,
2022-11-21,5,17,33,35,39,
2022-11-22,4,28,30,38,41,
2022-11-23,16,27,28,31,36,
2022-11-24,17,20,22,34,39,
2022-11-25,5,7,15,27,37,
2022-11-26,7,14,15,27,28,
2022-11-27,16,17,26,29,40,
2022-11-28,1,2,4,16,38,
2022-11-29,4,10,31,34,40,
2022-11-30,17,25,26,33,36,
2022-12-01,3,9,17,19,22,
2022-12-02,9,23,27,32,40,
2022-12-03,2,8,14,21,37,
2022-12-04,2,12,25,34,36,
2022-12-05,23,27,28,37,40,
2022-12-06,14,22,31,36,42,
2022-12-07,10,28,30,36,38,
2022-12-08,10,14,26,27,35,
2022-12-09,2,7,15,19,23,
2022-12-10,3,5,7,27,32,
2022-12-11,5,16,29,39,41,
2022-12-12,4,19,20,24,33,
2022-12-13,10,12,24,32,40,
2022-12-14,5,11,19,23,41,
2022-12-15,8,9,12,22,37,
2022-12-16,14,16,20,28,32,
2022-12-17,9,13,17,24,39,
2022-12-18,9,28,29,35,36,
2022-12-19,2,26,29,30,34,
2022-12-20,3,15,16,23,38,
2022-12-21,6,10,14,20,24,
2022-12-22,7,12,26,30,41,
2022-12-23,19,25,33,39,42,
2022-12-24,4,26,27,34,42,
2022-12-25,3,5,14,28,30,
2022-12-26,2,7,14,32,35,
2022-12-27,5,23,32,38,41,
2022-12-28,1,12,33,38,41,
2022-12-29,5,8,9,17,42,
2022-12-30,2,8,24,25,40,
2022-12-31,3,17,18,24,34,
2023-01-01,14,15,26,32,40,
2023-01-02,3,15,22,34,41,
2023-01-03,11,17,24,25,30,
2023-01-04,6,15,25,31,36,
2023-01-05,4,7,8,23,25,
2023-01-06,6,10,28,40,42,
2023-01-07,2,3,7,13,22,
2023-01-08,4,12,32,36,40,
2023-01-09,22,26,28,29,37,
2023-01-10,6,12,14,27,33,
2023-01-11,1,9,32,34,40,
2023-01-12,3,10,19,21,31,
2023-01-13,4,8,10,23,26,
2023-01-14,7,21,39,40,42,
2023-01-15,7,19,21,28,31,
2023-01-16,9,14,30,36,42,
2023-01-17,10,15,24,25,38,
2023-01-18,14,15,18,30,36,
2023-01-19,1,8,19,23,27,
2023-01-20,18,20,24,33,35,
2023-01-21,3,16,17,18,41,
2023-01-22,3,13,20,23,40,
2023-01-23,8,15,18,25,26,
2023-01-24,14,21,37,38,40,
2023-01-25,2,4,10,16,22,
2023-01-26,5,7,8,23,31,
2023-01-27,6,16,17,33,40,
2023-01-28,3,15,17,28,35,
2023-01-29,4,8,9,27,33,
2023-01-30,2,20,23,33,36,
2023-01-31,23,24,25,35,36,
2023-02-01,2,7,8,27,30,
2023-02-02,2,24,25,34,36,
2023-02-03,4,11,23,35,41,
2023-02-04,4,8,13,31,33,
2023-02-05,7,21,29,31,33,
2023-02-06,3,17,18,23,29,
2023-02-07,16,17,21,26,38,
2023-02-08,5,6,14,22,32,
2023-02-09,1,3,30,35,41,
2023-02-10,20,23,31,32,36,
2023-02-11,3,10,18,26,36,
2023-02-12,6,13,19,20,31,
2023-02-13,1,5,12,17,42,
2023-02-14,5,11,12,20,42,
2023-02-15,6,7,27,29,31,
2023-02-16,2,11,20,26,34,
2023-02-17,6,9,15,20,22,
2023-02-18,2,5,13,16,39,
2023-02-19,2,16,18,27,42,
2023-02-20,4,5,24,28,32,
2023-02-21,7,8,13,19,26,
2023-02-22,3,16,26,36,38,
2023-02-23,5,6,11,20,36,
2023-02-24,15,18,27,33,37,
2023-02-25,3,6,17,41,42,
2023-02-26,9,23,24,30,41,
2023-02-27,10,18,25,36,38,
2023-02-28,12,21,23,24,32,
2023-03-01,3,7,8,15,17,
2023-03-02,15,22,28,33,41,
2023-03-03,2,6,17,24,36,
2023-03-04,2,7,13,32,37,
2023-03-05,1,9,11,28,40,
2023-03-06,3,8,11,15,38,
2023-03-07,3,5,20,39,42,
2023-03-08,3,9,10,16,26,
2023-03-09,24,29,31,40,42,
2023-03-10,3,15,22,35,39,
2023-03-11,13,22,25,30,40,
2023-03-12,5,14,20,22,27,
2023-03-13,6,19,24,28,33,
2023-03-14,5,23,31,35,39,
2023-03-15,5,17,19,20,25,
2023-03-16,1,14,18,20,26,
2023-03-17,2,18,19,31,37,
2023-03-18,1,16,17,31,39,
2023-03-19,23,24,26,28,38,
2023-03-20,10,18,26,34,35,
2023-03-21,15,25,29,35,41,
2023-03-22,1,5,9,33,34,
2023-03-23,8,9,17,29,32,
2023-03-24,9,10,13,23,25,
2023-03-25,8,12,28,31,38,
2023-03-26,3,7,12,26,36,
2023-03-27,16,21,26,32,42,
2023-03-28,2,11,20,23,38,
2023-03-29,10,27,28,34,38,
2023-03-30,5,33,34,37,38,
2023-03-31,4,26,30,31,35,
2023-04-01,2,23,30,31,33,
2023-04-02,1,10,26,31,34,
2023-04-03,2,24,29,32,39,
2023-04-04,8,15,25,31,41,
2023-04-05,4,25,37,39,41,
2023-04-06,13,14,20,31,39,
2023-04-07,3,29,37,41,42,
2023-04-08,21,22,28,36,39,
2023-04-09,17,25,33,35,36,
2023-04-10,13,21,27,38,39,
2023-04-11,18,24,31,35,39,
2023-04-12,2,7,9,24,34,
2023-04-13,20,25,26,27,41,
2023-04-14,5,11,23,28,42,
2023-04-15,11,17,24,35,41,
2023-04-16,4,9,13,28,32,
2023-04-17,8,13,17,35,36,
2023-04-18,4,7,8,17,31,
2023-04-19,13,16,22,30,39,
2023-04-20,1,15,16,17,41,
2023-04-21,19,25,28,33,42,
2023-04-22,9,15,20,28,39,
2023-04-23,3,6,12,13,28,
2023-04-24,9,18,28,37,39,
2023-04-25,4,11,13,33,34,
2023-04-26,1,10,13,19,30,
2023-04-27,7,17,30,37,38,
2023-04-28,9,16,23,28,38,
2023-04-29,1,6,33,35,41,
2023-04-30,11,12,26,29,38,
2023-05-01,12,14,15,24,40,
2023-05-02,1,5,9,10,35,
2023-05-03,5,8,12,27,33,
2023-05-04,1,2,5,18,39,
2023-05-05,11,16,19,27,40,
2023-05-06,10,22,23,27,33,
2023-05-07,24,28,30,32,38,
2023-05-08,9,12,20,28,30,
2023-05-09,11,12,15,21,29,
2023-05-10,5,14,17,32,39,
2023-05-11,4,26,27,28,29,
2023-05-12,11,22,30,34,36,
2023-05-13,1,13,21,28,30,
2023-05-14,7,17,23,24,33,
2023-05-15,1,13,14,20,21,
2023-05-16,3,9,18,23,29,
2023-05-17,9,19,28,32,35,
2023-05-18,16,26,33,37,42,
2023-05-19,5,10,19,25,26,
2023-05-20,1,7,23,28,41,
2023-05-21,26,28,32,35,42,
2023-05-22,4,16,17,25,30,
2023-05-23,3,23,27,38,40,
2023-05-24,6,10,11,37,38,
2023-05-25,8,11,12,23,36,
2023-05-26,5,28,30,35,36,
2023-05-27,15,20,28,32,33,
2023-05-28,2,4,14,24,30,
2023-05-29,9,10,21,27,37,
2023-05-30,19,20,31,37,42,
2023-05-31,2,11,17,19,29,
2023-06-01,19,27,28,40,41,
2023-06-02,13,18,26,27,38,
2023-06-03,12,14,20,26,31,
2023-06-04,4,23,25,32,37,
2023-06-05,25,28,29,31,42,
2023-06-06,6,10,23,39,41,
2023-06-07,25,28,29,34,37,
2023-06-08,7,16,21,28,35,
2023-06-09,10,16,20,26,32,
2023-06-10,7,10,21,30,32,
2023-06-11,4,14,18,34,41,
2023-06-12,12,17,24,37,39,
2023-06-13,3,11,15,19,26,
2023-06-14,19,22,31,33,37,
2023-06-15,7,11,14,21,37,
2023-06-16,17,18,23,24,41,
2023-06-17,7,13,14,24,29,
2023-06-18,5,6,11,15,27,
2023-06-19,1,3,9,23,38,
2023-06-20,19,29,37,41,42,
2023-06-21,13,18,23,30,41,
2023-06-22,6,16,29,32,39,
2023-06-23,4,7,31,34,40,
2023-06-24,17,22,25,28,31,
2023-06-25,3,14,30,33,36,
2023-06-26,3,15,17,32,37,
2023-06-27,13,25,28,33,41,
2023-06-28,5,10,12,25,35,
2023-06-29,1,11,30,36,40,
2023-06-30,7,9,13,26,42,
2023-07-01,11,20,33,35,36,
2023-07-02,4,8,14,28,34,
2023-07-03,2,18,22,27,28,
2023-07-04,3,5,21,25,32,
2023-07-05,24,34,36,37,39,
2023-07-06,8,16,24,31,39,
2023-07-07,12,18,23,33,37,
2023-07-08,5,11,25,39,42,
2023-07-09,2,7,20,30,37,
2023-07-10,1,17,20,26,27,
2023-07-11,16,17,23,24,32,
2023-07-12,2,15,25,26,41,
2023-07-13,9,10,13,19,30,
2023-07-14,3,9,10,18,22,
2023-07-15,9,14,37,38,42,
2023-07-16,12,13,18,34,37,
2023-07-17,4,7,11,27,42,
2023-07-18,1,14,29,37,40,
2023-07-19,5,8,10,30,36,
2023-07-20,2,4,14,15,26,
2023-07-21,5,27,32,33,37,
2023-07-22,2,12,25,28,34,
2023-07-23,1,16,18,19,27,
2023-07-24,5,24,31,32,36,
2023-07-25,3,8,23,28,32,
2023-07-26,2,8,13,16,29,
2023-07-27,11,16,17,34,40,
2023-07-28,2,12,23,25,31,
2023-07-29,2,15,17,21,32,
2023-07-30,9,17,18,19,29,
2023-07-31,2,12,14,19,41,
2023-08-01,4,7,8,16,19,
2023-08-02,2,4,13,27,42,
2023-08-03,8,18,19,35,36,
2023-08-04,4,12,13,38,39,
2023-08-05,13,21,30,40,41,
2023-08-06,1,4,8,29,42,
2023-08-07,3,23,27,29,36,
2023-08-08,17,24,32,36,37,
2023-08-09,9,18,28,33,37,
2023-08-10,5,10,21,26,33,
2023-08-11,5,28,30,32,40,
2023-08-12,2,12,15,17,27,
2023-08-13,17,26,32,34,40,
2023-08-14,2,10,15,24,34,
2023-08-15,15,20,32,36,42,
2023-08-16,2,13,19,33,39,
2023-08-17,9,12,14,30,35,
2023-08-18,8,13,19,27,39,
2023-08-19,2,11,14,32,36,
2023-08-20,8,15,23,26,37,
2023-08-21,14,27,29,30,34,
2023-08-22,4,11,14,38,42,
2023-08-23,5,9,29,35,37,
2023-08-24,5,7,10,12,22,
2023-08-25,17,26,34,35,41,
2023-08-26,11,19,26,28,34,
2023-08-27,2,8,28,30,41,
2023-08-28,7,13,18,27,39,
2023-08-29,1,14,21,25,29,
2023-08-30,2,3,14,19,23,
2023-08-31,15,27,36,38,41,
2023-09-01,3,11,16,19,30,
2023-09-02,6,12,17,23,27,
2023-09-03,1,12,14,30,36,
2023-09-04,1,7,10,19,27,
2023-09-05,17,18,19,21,22,
2023-09-06,4,15,25,31,42,
2023-09-07,11,13,18,39,42,
2023-09-08,4,6,16,33,34,
2023-09-09,7,25,26,31,35,
2023-09-10,9,12,20,22,35,
2023-09-11,2,3,6,16,32,
2023-09-12,5,13,14,23,25,
2023-09-13,2,11,18,28,32,
2023-09-14,11,18,20,21,22,
2023-09-15,2,6,14,31,42,
2023-09-16,20,23,33,35,40,
2023-09-17,4,17,24,26,35,
2023-09-18,3,6,10,30,42,
2023-09-19,4,9,10,32,38,
2023-09-20,2,14,18,21,42,
2023-09-21,2,5,7,25,29,
2023-09-22,7,19,27,36,42,
2023-09-23,8,14,28,31,35,
2023-09-24,7,8,11,12,39,
2023-09-25,3,11,20,23,27,
2023-09-26,14,17,19,21,30,
2023-09-27,4,5,15,40,41,
2023-09-28,5,8,15,30,40,
2023-09-29,13,15,23,34,39,
2023-09-30,6,11,20,22,29,
2023-10-01,4,12,13,27,36,
2023-10-02,8,11,14,17,40,
2023-10-03,1,2,10,22,30,
2023-10-04,3,4,10,20,28,
2023-10-05,1,10,18,24,37,
2023-10-06,3,15,19,32,35,
2023-10-07,24,32,38,40,42,
2023-10-08,13,14,15,23,28,
2023-10-09,17,22,30,40,41,
2023-10-10,1,5,12,22,23,
2023-10-11,17,18,26,32,36,
2023-10-12,9,18,20,23,32,
2023-10-13,9,15,16,22,29,
2023-10-14,14,33,38,39,40,
2023-10-15,7,11,17,21,35,
2023-10-16,7,17,30,33,37,
2023-10-17,3,7,10,16,31,
2023-10-18,21,28,29,30,39,
2023-10-19,24,25,32,33,34,
2023-10-20,5,12,22,35,37,
2023-10-21,3,17,25,35,41,
2023-10-22,4,14,26,27,33,
2023-10-23,3,4,19,28,30,
2023-10-24,6,13,21,22,29,
2023-10-25,11,18,27,34,38,
2023-10-26,5,15,17,30,32,
2023-10-27,3,10,11,31,39,
2023-10-28,15,24,25,27,38,
2023-10-29,13,17,22,23,27,
2023-10-30,9,15,29,35,41,
2023-10-31,15,20,25,30,35,
2023-11-01,6,8,15,17,35,
2023-11-02,14,22,31,36,37,
2023-11-03,14,18,33,37,38,
2023-11-04,3,4,18,37,42,
2023-11-05,17,18,23,26,30,
2023-11-06,27,33,34,35,39,
2023-11-07,2,20,24,32,38,
2023-11-08,13,15,31,32,34,
2023-11-09,12,25,28,34,39,
2023-11-10,2,9,12,13,31,
2023-11-11,5,10,20,22,32,
2023-11-12,1,4,14,19,41,
2023-11-13,1,14,17,34,35,
2023-11-14,20,22,34,36,40,
2023-11-15,3,4,18,28,29,
2023-11-16,16,25,32,33,41,
2023-11-17,17,21,24,28,35,
2023-11-18,5,12,23,24,26,
2023-11-19,5,9,29,30,32,
2023-11-20,7,16,25,31,38,
2023-11-21,21,29,32,33,37,
2023-11-22,21,25,29,39,40,
2023-11-23,8,12,13,35,39,
2023-11-24,28,29,33,34,42,
2023-11-25,3,8,19,31,36,
2023-11-26,7,20,29,35,41,
2023-11-27,4,6,15,33,36,
2023-11-28,5,6,19,31,34,
2023-11-29,8,19,31,37,38,
2023-11-30,2,3,10,14,32,
2023-12-01,14,18,23,31,33,
2023-12-02,2,6,17,27,39,
2023-12-03,3,18,19,23,40,
2023-12-04,12,17,23,33,35,
2023-12-05,11,15,31,37,38,
2023-12-06,3,10,13,19,27,
2023-12-07,15,36,37,39,42,
2023-12-08,3,9,13,25,34,
2023-12-09,11,16,17,34,35,
2023-12-10,11,13,22,26,36,
2023-12-11,5,10,19,21,37,
2023-12-12,4,22,30,31,38,
2023-12-13,3,7,16,18,40,
2023-12-14,4,6,10,17,33,
2023-12-15,9,11,20,36,41,
2023-12-16,1,10,22,30,36,
2023-12-17,17,25,37,38,40,
2023-12-18,2,15,17,23,27,
2023-12-19,2,6,15,37,39,
2023-12-20,14,15,18,26,35,
2023-12-21,1,9,17,18,23,
2023-12-22,1,8,14,20,35,
2023-12-23,2,5,23,31,42,
2023-12-24,10,14,15,28,36,
2023-12-25,3,5,21,23,37,
2023-12-26,6,15,18,24,39,
2023-12-27,1,12,13,34,39,
2023-12-28,3,7,8,12,28,
2023-12-29,21,31,35,36,39,
2023-12-30,16,19,23,35,40,
2023-12-31,5,10,12,25,32,
2024-01-01,4,16,24,25,26,
2024-01-02,1,15,19,36,40,
2024-01-03,2,12,26,28,41,
2024-01-04,21,25,27,30,38,
2024-01-05,2,8,28,29,36,
2024-01-06,1,14,24,36,41,
2024-01-07,5,6,7,31,37,
2024-01-08,3,4,14,33,36,
2024-01-09,8,11,34,36,38,
2024-01-10,2,21,28,36,41,
2024-01-11,11,17,20,26,33,
2024-01-12,5,21,22,33,39,
2024-01-13,10,13,15,33,38,
2024-01-14,2,4,24,32,34,
2024-01-15,1,4,22,32,33,
2024-01-16,6,20,21,29,32,
2024-01-17,3,5,13,15,25,
2024-01-18,6,8,24,27,38,
2024-01-19,2,38,39,41,42,
2024-01-20,1,6,27,37,41,
2024-01-21,11,14,23,37,38,
2024-01-22,8,22,24,29,39,
2024-01-23,2,8,22,26,29,
2024-01-24,8,9,13,29,38,
2024-01-25,1,9,13,24,36,
2024-01-26,4,6,10,18,40,
2024-01-27,5,11,20,31,42,
2024-01-28,5,13,15,33,34,
2024-01-29,4,5,17,27,38,
2024-01-30,11,21,24,37,41,
2024-01-31,2,11,16,22,38,
2024-02-01,15,23,24,27,37,
2024-02-02,11,21,24,32,38,
2024-02-03,1,29,35,38,39,
2024-02-04,5,9,28,31,36,
2024-02-05,7,11,18,35,42,
2024-02-06,19,26,28,32,39,
2024-02-07,2,4,31,37,40,
2024-02-08,3,23,27,35,42,
2024-02-09,2,9,19,26,28,
2024-02-10,1,3,12,13,25,
2024-02-11,13,16,19,24,31,
2024-02-12,4,7,13,19,29,
2024-02-13,2,4,16,19,42,
2024-02-14,12,20,29,35,37,
2024-02-15,3,9,14,16,29,
2024-02-16,11,27,37,38,42,
2024-02-17,1,18,23,40,42,
2024-02-18,6,11,14,28,33,
2024-02-19,5,6,12,21,33,
2024-02-20,11,13,19,28,30,
2024-02-21,6,8,15,24,39,
2024-02-22,15,18,19,36,37,
2024-02-23,6,8,29,35,42,
2024-02-24,2,11,22,39,41,
2024-02-25,1,9,11,23,27,
2024-02-26,4,21,29,37,41,
2024-02-27,1,4,7,23,27,
2024-02-28,11,19,29,34,41,
2024-02-29,2,8,9,17,18,
2024-03-01,4,5,7,26,35,
2024-03-02,2,5,17,25,30,
2024-03-03,5,7,11,27,31,
2024-03-04,8,19,29,39,41,
2024-03-05,3,11,23,24,25,
2024-03-06,3,8,11,31,39,
2024-03-07,11,17,18,20,42,
2024-03-08,20,25,32,36,38,
2024-03-09,7,10,11,30,34,
2024-03-10,4,16,17,32,33,
2024-03-11,5,21,22,27,39,
2024-03-12,21,25,30,32,38,
2024-03-13,19,30,31,33,40,
2024-03-14,12,13,25,35,38,
2024-03-15,16,23,25,35,41,
2024-03-16,1,12,30,39,40,
2024-03-17,4,6,9,18,29,
2024-03-18,2,7,24,30,32,
2024-03-19,5,9,29,33,35,
2024-03-20,2,24,34,35,39,
2024-03-21,8,25,26,36,42,
2024-03-22,6,17,24,35,41,
2024-03-23,1,11,13,36,38,
2024-03-24,1,7,8,34,38,
2024-03-25,2,5,22,30,36,
2024-03-26,10,12,23,33,38,
2024-03-27,6,7,20,23,38,
2024-03-28,2,13,24,39,41,
2024-03-29,1,4,15,22,23,
2024-03-30,9,14,26,31,34,
2024-03-31,6,22,24,30,38,
2024-04-01,8,9,17,20,38,
2024-04-02,4,18,31,32,42,
2024-04-03,5,10,23,27,39,
2024-04-04,2,3,4,23,24,
2024-04-05,4,10,19,31,39,
2024-04-06,9,21,22,30,36,
2024-04-07,3,15,16,27,38,
2024-04-08,4,20,33,34,39,
2024-04-09,13,19,26,27,32,
2024-04-10,2,5,12,21,29,
2024-04-11,12,15,31,33,34,
2024-04-12,1,7,8,10,34,
2024-04-13,12,22,24,33,42,
2024-04-14,21,28,33,37,41,
2024-04-15,16,17,22,23,27,
2024-04-16,15,19,23,25,39,
2024-04-17,1,23,29,33,37,
2024-04-18,14,19,23,24,40,
2024-04-19,8,11,14,25,42,
2024-04-20,10,11,13,24,28,
2024-04-21,12,18,21,24,30,
2024-04-22,5,14,27,28,38,
2024-04-23,8,9,16,36,40,
2024-04-24,1,10,13,22,31,
2024-04-25,9,23,24,27,29,
2024-04-26,8,16,17,20,35,
2024-04-27,7,14,24,27,28,
2024-04-28,10,14,23,34,35,
2024-04-29,1,3,7,33,42,
2024-04-30,3,22,36,38,40,
2024-05-01,5,7,12,34,39,
2024-05-02,3,24,34,36,40,
2024-05-03,2,12,25,36,41,
2024-05-04,2,4,11,22,40,
2024-05-05,6,19,22,23,27,
2024-05-06,4,7,15,17,31,
2024-05-07,23,25,34,35,41,
2024-05-08,2,15,21,31,38,
2024-05-09,9,14,17,18,40,
2024-05-10,4,32,33,40,41,
2024-05-11,8,10,15,26,30,
2024-05-12,8,17,18,23,38,
2024-05-13,4,24,29,30,36,
2024-05-14,8,15,20,27,35,
2024-05-15,11,13,15,16,28,
2024-05-16,4,7,11,25,41,
2024-05-17,1,3,17,19,20,
2024-05-18,6,8,34,36,38,
2024-05-19,8,10,19,23,25,
2024-05-20,3,11,14,18,39,
2024-05-21,12,15,33,37,40,
2024-05-22,5,11,13,19,32,
2024-05-23,4,18,22,25,30,
2024-05-24,9,14,16,27,37,
2024-05-25,7,26,30,35,37,
2024-05-26,1,28,31,34,35,
2024-05-27,7,11,14,27,36,
2024-05-28,5,13,15,24,34,
2024-05-29,3,7,12,37,42,
2024-05-30,6,15,18,24,33,
2024-05-31,8,11,26,30,35,
2024-06-01,1,7,9,21,36,
2024-06-02,4,9,10,17,39,
2024-06-03,9,19,24,33,35,
2024-06-04,4,11,21,37,40,
2024-06-05,12,15,25,31,39,
2024-06-06,3,6,10,26,35,
2024-06-07,5,16,20,22,23,
2024-06-08,1,8,17,26,27,
2024-06-09,5,20,24,30,42,
2024-06-10,6,21,25,40,42,
2024-06-11,8,30,32,33,36,
2024-06-12,1,10,20,24,27,
2024-06-13,8,11,14,19,42,
2024-06-14,26,30,36,38,41,
2024-06-15,2,21,22,29,35,
2024-06-16,2,9,33,37,42,
2024-06-17,7,22,24,29,30,
2024-06-18,2,6,12,13,42,
2024-06-19,1,2,25,29,38,
2024-06-20,8,14,26,40,42,
2024-06-21,8,20,24,33,35,
2024-06-22,2,8,18,21,39,
2024-06-23,12,21,34,36,38,
2024-06-24,12,16,25,27,41,
2024-06-25,26,27,29,35,40,
2024-06-26,1,16,29,31,41,
2024-06-27,14,19,21,36,41,
2024-06-28,4,9,12,22,40,
2024-06-29,2,8,15,32,34,
2024-06-30,2,13,22,23,30,
2024-07-01,7,15,30,38,41,
2024-07-02,2,6,31,36,42,
2024-07-03,8,22,25,26,28,
2024-07-04,14,15,28,31,38,
2024-07-05,12,25,26,35,40,
2024-07-06,9,27,32,35,41,
2024-07-07,10,12,21,22,26,
2024-07-08,7,9,22,32,38,
2024-07-09,2,8,20,26,33,
2024-07-10,12,14,15,31,34,
2024-07-11,1,6,11,17,24,
2024-07-12,3,9,12,19,26,
2024-07-13,13,22,25,26,28,
2024-07-14,1,6,22,23,35,
2024-07-15,2,11,14,20,22,
2024-07-16,12,20,27,36,41,
2024-07-17,1,6,14,30,36,
2024-07-18,2,4,17,28,34,
2024-07-19,3,6,19,26,33,
2024-07-20,8,9,15,31,36,
2024-07-21,5,8,12,23,29,
2024-07-22,7,15,24,37,40,
2024-07-23,13,20,21,22,23,
2024-07-24,9,11,30,34,38,
2024-07-25,1,2,15,16,28,
2024-07-26,12,15,19,22,28,
2024-07-27,8,18,21,24,30,
2024-07-28,3,19,23,29,31,
2024-07-29,16,21,23,28,35,
2024-07-30,18,30,31,33,38,
2024-07-31,1,9,17,19,38,
2024-08-01,10,20,23,30,32,
2024-08-02,21,27,30,35,37,
2024-08-03,6,11,28,37,38,
2024-08-04,2,10,25,27,29,
2024-08-05,7,11,25,41,42,
2024-08-06,1,19,32,36,37,
2024-08-07,6,11,15,25,36,
2024-08-08,16,21,37,38,42,
2024-08-09,7,8,17,24,37,
2024-08-10,6,8,11,31,33,
2024-08-11,4,9,14,22,32,
2024-08-12,2,10,22,28,32,
2024-08-13,2,9,12,20,22,
2024-08-14,3,6,9,27,42,
2024-08-15,1,6,7,25,29,
2024-08-16,3,4,16,29,31,
2024-08-17,6,11,21,37,39,
2024-08-18,10,19,27,35,41,
2024-08-19,10,17,25,36,37,
2024-08-20,4,6,11,21,36,
2024-08-21,5,18,30,35,38,
2024-08-22,24,28,34,36,41,
2024-08-23,13,24,26,31,41,
2024-08-24,1,5,14,18,20,
2024-08-25,2,13,26,30,41,
2024-08-26,3,19,21,34,41,
2024-08-27,7,8,9,27,41,
2024-08-28,12,18,26,33,39,
2024-08-29,6,11,21,30,42,
2024-08-30,14,25,28,36,39,
2024-08-31,23,29,31,32,42,
2024-09-01,9,12,15,16,18,
2024-09-02,27,30,31,39,41,
2024-09-03,14,20,25,28,32,
2024-09-04,2,7,10,15,42,
2024-09-05,5,18,30,31,40,
2024-09-06,5,16,18,28,34,
2024-09-07,3,14,15,39,40,
2024-09-08,15,17,32,33,41,
2024-09-09,7,11,17,39,40,
2024-09-10,11,16,18,29,32,
2024-09-11,2,11,17,39,41,
2024-09-12,5,15,23,25,29,
2024-09-13,1,23,37,39,41,
2024-09-14,8,10,27,31,34,
2024-09-15,2,5,24,29,41,
2024-09-16,4,9,10,26,34,
2024-09-17,8,12,24,34,35,
2024-09-18,3,30,34,38,42,
2024-09-19,23,24,33,36,37,
2024-09-20,9,18,31,36,41,
2024-09-21,8,12,29,38,41,
2024-09-22,2,19,21,23,38,
2024-09-23,5,9,10,27,31,
2024-09-24,7,11,15,27,28,
2024-09-25,6,9,28,33,36,
2024-09-26,1,12,28,30,35,
2024-09-27,8,16,27,28,38,
2024-09-28,11,17,24,28,41,
2024-09-29,9,25,27,32,33,
2024-09-30,1,2,19,24,38,
2024-10-01,6,18,26,27,36,
2024-10-02,11,15,19,22,30,
2024-10-03,12,13,16,17,25,
2024-10-04,4,8,14,19,22,
2024-10-05,12,15,16,25,39,
2024-10-06,19,24,30,33,36,
2024-10-07,13,20,22,34,42,
2024-10-08,7,15,18,27,35,
2024-10-09,2,18,22,24,35,
2024-10-10,20,36,38,40,42,
2024-10-11,4,8,15,24,29,
2024-10-12,25,28,38,41,42,
2024-10-13,4,5,8,17,30,
2024-10-14,5,27,34,37,38,
2024-10-15,1,8,32,34,35,
2024-10-16,12,13,26,27,29,
2024-10-17,1,7,10,22,25,
2024-10-18,3,5,7,9,13,
2024-10-19,7,14,17,27,38,
2024-10-20,14,23,26,30,32,
2024-10-21,12,15,33,37,42,
2024-10-22,12,15,30,36,38,
2024-10-23,11,12,15,26,32,
2024-10-24,5,6,8,27,30,
2024-10-25,12,23,24,35,40,
2024-10-26,1,10,13,33,35,
2024-10-27,4,7,12,36,40,
2024-10-28,13,19,22,32,39,
2024-10-29,26,27,30,32,36,
2024-10-30,4,5,13,17,21,
2024-10-31,1,12,13,24,31,
2024-11-01,6,10,11,34,42,
2024-11-02,2,14,17,21,24,
2024-11-03,4,6,7,26,39,
2024-11-04,3,6,10,12,35,
2024-11-05,9,22,25,27,29,
2024-11-06,15,31,33,39,40,
2024-11-07,2,9,13,28,33,
2024-11-08,7,10,20,21,26,
2024-11-09,11,13,16,18,33,
2024-11-10,15,18,22,31,40,
2024-11-11,7,9,11,14,27,
2024-11-12,1,10,11,17,20,
2024-11-13,29,35,37,38,42,
2024-11-14,23,27,35,36,40,
2024-11-15,18,32,33,38,40,
2024-11-16,14,22,33,34,42,
2024-11-17,1,13,20,32,41,
2024-11-18,2,29,30,33,40,
2024-11-19,15,16,18,21,30,
2024-11-20,1,15,27,32,41,
2024-11-21,2,28,36,41,42,
2024-11-22,4,9,22,26,42,
2024-11-23,1,11,15,19,27,
2024-11-24,3,19,22,27,41,
2024-11-25,26,28,31,37,39,
2024-11-26,1,12,15,17,30,
2024-11-27,10,17,34,35,40,
2024-11-28,2,3,17,32,33,
2024-11-29,17,21,26,34,38,
2024-11-30,10,19,22,26,42,
2024-12-01,5,13,20,33,40,
2024-12-02,6,25,27,31,37,
2024-12-03,14,32,34,35,40,
2024-12-04,6,7,8,12,39,
2024-12-05,13,25,31,34,38,
2024-12-06,4,12,13,14,16,
2024-12-07,3,10,21,25,38,
2024-12-08,6,7,15,32,41,
2024-12-09,5,12,30,33,40,
2024-12-10,9,16,18,19,34,
2024-12-11,6,17,22,24,41,
2024-12-12,1,4,32,33,35,
2024-12-13,1,14,17,30,35,
2024-12-14,4,25,27,30,31,
2024-12-15,15,29,31,38,42,
2024-12-16,1,14,20,30,38,
2024-12-17,11,20,23,31,41,
2024-12-18,7,17,23,32,40,
2024-12-19,1,3,20,33,36,
2024-12-20,1,15,19,25,29,
2024-12-21,17,21,26,31,40,
2024-12-22,9,10,17,29,41,
2024-12-23,14,16,23,33,38,
2024-12-24,4,15,25,37,42,
2024-12-25,4,8,27,34,37,
2024-12-26,2,10,16,17,41,
2024-12-27,1,3,26,32,38,
2024-12-28,14,19,24,29,31,
2024-12-29,10,17,22,25,32,
2024-12-30,5,11,26,38,41,
2024-12-31,10,15,27,30,37,
2025-01-01,3,8,25,33,34,
2025-01-02,3,12,17,21,32,
2025-01-03,5,13,16,25,37,
2025-01-04,3,27,38,39,42,
2025-01-05,10,11,25,28,42,
2025-01-06,5,9,11,32,38,
2025-01-07,1,9,24,27,30,
2025-01-08,10,11,17,39,40,
2025-01-09,3,5,30,34,39,
2025-01-10,12,14,15,18,37,
2025-01-11,1,4,14,21,22,
2025-01-12,6,9,17,31,38,
2025-01-13,4,14,29,31,40,
2025-01-14,12,18,19,27,33,
2025-01-15,1,14,19,29,33,
2025-01-16,1,3,18,24,37,
2025-01-17,6,10,15,28,34,
2025-01-18,10,17,22,27,42,
2025-01-19,9,15,26,30,42,
2025-01-20,9,10,12,27,28,
2025-01-21,13,27,28,29,38,
2025-01-22,17,30,33,34,39,
2025-01-23,9,14,29,31,38,
2025-01-24,12,15,26,34,35,
2025-01-25,3,8,11,33,41,
2025-01-26,12,21,31,32,36,
2025-01-27,6,10,28,35,41,
2025-01-28,4,12,22,31,38,
2025-01-29,5,27,29,38,40,
2025-01-30,5,25,28,39,42,
2025-01-31,10,13,20,27,42,
2025-02-01,9,10,27,30,34,
2025-02-02,2,4,7,14,25,
2025-02-03,1,17,19,20,27,
2025-02-04,8,22,26,27,33,
2025-02-05,2,8,26,28,33,
2025-02-06,5,13,17,23,26,
2025-02-07,6,24,31,34,42,
2025-02-08,16,28,33,35,37,
2025-02-09,22,26,29,31,39,
2025-02-10,3,4,26,29,34,
2025-02-11,6,10,17,22,36,
2025-02-12,2,6,25,32,40,
2025-02-13,9,16,18,33,36,
2025-02-14,4,12,16,24,29,
2025-02-15,7,11,20,26,40,
2025-02-16,7,9,10,20,25,
2025-02-17,8,16,24,29,42,
2025-02-18,11,12,25,34,42,
2025-02-19,1,6,12,30,39,
2025-02-20,9,12,26,27,33,
2025-02-21,11,18,20,26,27,
2025-02-22,8,18,21,29,39,
2025-02-23,3,9,14,16,23,
2025-02-24,8,10,16,21,31,
2025-02-25,13,17,31,38,40,
2025-02-26,10,24,26,34,36,
2025-02-27,2,11,17,23,30,
2025-02-28,6,12,14,15,32,
2025-03-01,1,5,6,34,36,
2025-03-02,4,5,21,36,39,
2025-03-03,6,17,29,30,35,
2025-03-04,6,15,22,23,37,
2025-03-05,2,23,35,36,42,
2025-03-06,5,17,29,38,42,
2025-03-07,1,15,17,27,40,
2025-03-08,7,15,21,25,38,
2025-03-09,9,10,14,15,34,
2025-03-10,11,18,35,38,42,
2025-03-11,3,8,24,27,33,
2025-03-12,1,2,14,34,36,
2025-03-13,2,9,13,33,41,
2025-03-14,1,18,22,24,27,
2025-03-15,10,24,26,33,41,
2025-03-16,2,8,14,20,21,
2025-03-17,8,9,21,22,25,
2025-03-18,3,19,24,31,38,
2025-03-19,4,10,14,18,29,
2025-03-20,13,15,22,33,37,
2025-03-21,17,22,33,36,39,
2025-03-22,2,4,18,29,37,
2025-03-23,9,16,28,29,40,
2025-03-24,11,26,36,37,38,
2025-03-25,5,9,20,21,24,
2025-03-26,10,17,24,25,35,
2025-03-27,1,15,28,32,33,
2025-03-28,11,30,32,36,41,
2025-03-29,1,31,35,40,41,
2025-03-30,2,22,32,33,34,
2025-03-31,14,21,27,39,41,
2025-04-01,4,6,14,15,23,
2025-04-02,6,11,15,24,38,
2025-04-03,7,13,29,30,35,
2025-04-04,3,7,28,31,34,
2025-04-05,8,17,20,21,32,
2025-04-06,3,22,25,32,35,
2025-04-07,29,31,35,36,38,
2025-04-08,1,8,10,15,22,
2025-04-09,11,14,28,32,42,
2025-04-10,6,16,17,27,38,
2025-04-11,6,15,28,31,41,
2025-04-12,6,12,17,18,19,
2025-04-13,5,14,36,37,41,
2025-04-14,4,15,25,33,40,
2025-04-15,16,24,30,36,37,
2025-04-16,7,18,22,27,41,
2025-04-17,5,8,20,31,36,
2025-04-18,9,14,17,22,27,
2025-04-19,4,15,16,27,33,
2025-04-20,5,20,22,24,31,
2025-04-21,10,28,33,41,42,
2025-04-22,1,7,14,35,37,
2025-04-23,4,6,22,24,26,
2025-04-24,1,4,13,38,41,
2025-04-25,10,17,24,37,38,
2025-04-26,6,16,23,34,41,
2025-04-27,15,17,20,37,39,
2025-04-28,7,15,19,28,39,
2025-04-29,17,22,26,29,34,
2025-04-30,1,20,32,33,35,
2025-05-01,3,19,25,32,34,
2025-05-02,15,18,37,39,40,
2025-05-03,2,10,11,22,41,
2025-05-04,4,7,11,15,16,
2025-05-05,6,11,12,20,29,
2025-05-06,4,15,36,39,41,
2025-05-07,13,18,28,33,34,
2025-05-08,1,7,21,30,32,
2025-05-09,6,12,22,26,27,
2025-05-10,6,7,12,19,37,
2025-05-11,14,19,24,39,40,
2025-05-12,6,29,33,38,40,
2025-05-13,3,11,13,19,40,
2025-05-14,13,18,24,26,39,
2025-05-15,1,10,11,18,27,
2025-05-16,6,13,15,25,33,
2025-05-17,18,21,23,24,40,
2025-05-18,8,23,39,40,42,
2025-05-19,18,20,22,28,36,
2025-05-20,8,9,15,24,32,
2025-05-21,1,22,25,38,41,
2025-05-22,1,7,20,21,33,
2025-05-23,4,20,30,33,35,
2025-05-24,6,22,23,27,30,
2025-05-25,16,18,23,26,37,
2025-05-26,4,10,21,25,33,
2025-05-27,2,4,12,15,30,
2025-05-28,3,28,31,35,36,
2025-05-29,1,17,26,35,40,
2025-05-30,13,15,17,24,25,
2025-05-31,11,16,22,23,40,
2025-06-01,16,26,29,30,36,
2025-06-02,13,16,21,33,39,
2025-06-03,6,27,28,35,36,
2025-06-04,9,18,19,29,38,
2025-06-05,6,11,12,14,15,
2025-06-06,21,30,35,37,40,
2025-06-07,6,14,21,25,26,
2025-06-08,9,10,24,25,41,
2025-06-09,8,12,14,23,30,
2025-06-10,6,10,13,27,37,
2025-06-11,4,7,12,27,34,
2025-06-12,3,22,29,30,40,
2025-06-13,1,21,26,29,40,
2025-06-14,6,14,24,30,36,
2025-06-15,1,13,24,35,36,
2025-06-16,4,24,27,30,41,
2025-06-17,21,22,35,40,41,
2025-06-18,22,24,35,38,39,
2025-06-19,7,11,12,15,40,
2025-06-20,1,14,15,16,25,
2025-06-21,22,25,28,34,41,
2025-06-22,6,7,15,16,20,
2025-06-23,13,14,15,17,23,
2025-06-24,7,8,16,30,33,
2025-06-25,11,20,25,27,41,
2025-06-26,20,26,27,35,39,
2025-06-27,2,19,25,37,42,
2025-06-28,15,22,24,33,41,
2025-06-29,14,21,27,33,39,
2025-06-30,16,22,29,36,39,
2025-07-01,14,29,31,39,41,
2025-07-02,12,14,18,19,35,
2025-07-03,9,10,18,31,41,
2025-07-04,13,21,22,36,37,
2025-07-05,3,6,25,28,42,
2025-07-06,4,18,21,33,36,
2025-07-07,2,6,26,29,35,
2025-07-08,7,11,25,28,34,
2025-07-09,4,20,22,30,32,
2025-07-10,9,11,12,22,37,
2025-07-11,3,4,10,40,41,
2025-07-12,16,19,31,40,42,
2025-07-13,1,21,25,30,31,
2025-07-14,7,9,13,18,33,
2025-07-15,2,5,7,15,33,
2025-07-16,2,3,11,27,34,
2025-07-17,4,8,15,16,30,
2025-07-18,5,9,10,22,42,
2025-07-19,4,12,25,26,30,
2025-07-20,6,19,24,40,41,
2025-07-21,5,31,36,40,41,
2025-07-22,7,13,20,31,32,
2025-07-23,4,19,21,35,41,
2025-07-24,4,26,28,35,41,
2025-07-25,3,10,23,25,28,
2025-07-26,3,7,11,22,26,
2025-07-27,1,7,12,18,34,
2025-07-28,24,28,36,39,40,
2025-07-29,2,12,27,36,40,
2025-07-30,10,23,27,33,42,
2025-07-31,16,21,29,30,42,
2025-08-01,4,17,19,33,34,
2025-08-02,7,20,31,36,38,
2025-08-03,4,10,15,16,39,
2025-08-04,10,11,18,20,35,
2025-08-05,8,11,13,15,38,
2025-08-06,3,9,30,40,41,
2025-08-07,4,7,12,28,37,
2025-08-08,10,17,24,30,38,
2025-08-09,6,11,33,37,40,
2025-08-10,1,8,14,25,34,
2025-08-11,11,21,28,30,33,
2025-08-12,5,21,22,29,35,
2025-08-13,5,20,31,34,42,
2025-08-14,6,21,27,28,37,
2025-08-15,3,9,29,36,40,
2025-08-16,15,19,28,34,37,
2025-08-17,1,15,17,28,33,
2025-08-18,11,15,22,25,31,
2025-08-19,5,12,17,36,40,
2025-08-20,6,7,22,36,39,
2025-08-21,3,11,24,35,39,
2025-08-22,7,9,25,34,41,
2025-08-23,7,12,17,34,35,
2025-08-24,1,21,31,34,37,
2025-08-25,4,14,21,32,37,
2025-08-26,3,10,13,30,35,
2025-08-27,17,18,32,38,41,
2025-08-28,24,28,30,39,41,
2025-08-29,1,20,21,35,39,
2025-08-30,5,20,25,26,36,
2025-08-31,1,16,27,33,34,
2025-09-01,5,31,32,35,36,
2025-09-02,6,10,11,35,39,
2025-09-03,8,9,14,20,33,
2025-09-04,1,5,11,18,24,
2025-09-05,1,18,19,36,41,
2025-09-06,8,14,23,28,40,
2025-09-07,1,10,17,22,27,
2025-09-08,13,16,22,29,35,
2025-09-09,3,15,18,28,31,
2025-09-10,3,4,9,18,36,
2025-09-11,7,28,31,34,38,
2025-09-12,11,28,35,39,40,
2025-09-13,20,30,36,38,41,
2025-09-14,16,17,24,27,36,
2025-09-15,1,2,23,33,41,
2025-09-16,1,5,8,26,38,
2025-09-17,1,20,28,29,31,
2025-09-18,1,10,14,29,33,
2025-09-19,11,14,16,19,29,
2025-09-20,11,14,15,17,41,
2025-09-21,13,15,18,30,39,
2025-09-22,1,3,10,38,42,
2025-09-23,3,9,11,12,17,
2025-09-24,1,6,12,14,29,
2025-09-25,9,24,38,40,42,
2025-09-26,3,7,16,18,39,
2025-09-27,3,14,30,38,39,
2025-09-28,12,25,30,31,33,
2025-09-29,23,26,28,32,36,
2025-09-30,3,9,13,15,35,
2025-10-01,4,13,16,23,39,
2025-10-02,1,4,8,22,23,
2025-10-03,1,20,23,38,39,
2025-10-04,1,5,10,22,30,
2025-10-05,5,9,16,31,32,
2025-10-06,20,22,26,35,39,
2025-10-07,9,12,22,25,35,
2025-10-08,11,19,27,33,42,
2025-10-09,3,22,24,30,39,
2025-10-10,12,24,25,29,42,
2025-10-11,5,6,18,24,36,
2025-10-12,16,28,33,35,37,
2025-10-13,4,11,14,18,41,
2025-10-14,7,11,18,30,37,
2025-10-15,6,14,29,32,38,
2025-10-16,16,17,31,33,35,
2025-10-17,1,5,28,32,38,
2025-10-18,1,3,5,26,34,
2025-10-19,6,7,20,29,35,
2025-10-20,1,4,14,25,33,
2025-10-21,6,10,29,35,41,
